dates,1mo,2mo,3mo,4mo,6mo,1y,2y,3y,5y,7y,10y,20y,30y,USDBRL,USDCOP,USDCLP,USDPEN,USDMXN,USDEUR,USDGBP,USDJPY,USDAUD,USDCHF
12-03-26,3.76,3.72,3.72,3.69,3.7,3.66,3.76,3.75,3.88,4.06,4.27,4.86,4.88,5.2048,3683,895.86,3.445,17.8449,0.866310006,0.747279993,159.0749969,1.402680032,0.78174001
11-03-26,3.75,3.7,3.71,3.69,3.68,3.6,3.64,3.64,3.79,3.98,4.21,4.82,4.86,5.1593,3704.9,893.69,3.419,17.6698,0.861230045,0.745209966,158.1139984,1.404296975,0.778577983
10-03-26,3.75,3.71,3.71,3.69,3.68,3.56,3.57,3.58,3.73,3.93,4.15,4.74,4.78,5.1619,3697.05,916.36,3.423,17.5903,0.860790029,0.744880031,157.8480072,1.414710029,0.777880013
09-03-26,3.75,3.72,3.71,3.68,3.68,3.56,3.56,3.58,3.71,3.9,4.12,4.7,4.72,5.2136,3767,921.76,3.488,17.6711,0.867809987,0.751820038,158.427002,1.435503005,0.781220019
06-03-26,3.75,3.72,3.69,3.67,3.66,3.55,3.56,3.59,3.72,3.93,4.15,4.74,4.77,5.2875,3770,907.66,3.478,17.8034,0.861469994,0.748650042,157.5339966,1.426269078,0.780659974
05-03-26,3.75,3.72,3.7,3.68,3.68,3.59,3.57,3.59,3.72,3.92,4.13,4.71,4.74,5.2444,3775,895.14,3.439,17.79,0.859430055,0.747969959,156.9830017,1.413228055,0.779150009
04-03-26,3.75,3.75,3.71,3.68,3.68,3.58,3.54,3.55,3.67,3.87,4.09,4.67,4.72,5.2088,3747,906.32,3.411,17.5592,0.861160022,0.748860031,157.772995,1.420313017,0.781920016
03-03-26,3.75,3.74,3.71,3.67,3.68,3.55,3.51,3.5,3.63,3.83,4.06,4.65,4.7,5.2867,3800,884.21,3.415,17.6367,0.854900006,0.745679961,157.2570038,1.407300977,0.778710008
02-03-26,3.74,3.74,3.72,3.68,3.68,3.54,3.47,3.49,3.62,3.82,4.05,4.64,4.7,5.1998,3749,871.41,3.363,17.2853,0.850379962,0.745899959,156.6329956,1.416810074,0.769529998
27-02-26,3.74,3.73,3.67,3.67,3.6,3.48,3.38,3.39,3.51,3.72,3.97,4.57,4.64,5.1492,3752.3,861.19,3.353,17.2318,0.847240004,0.741210013,155.8589935,1.40809399,0.773230016
26-02-26,3.74,3.75,3.68,3.68,3.61,3.52,3.42,3.46,3.57,3.78,4.02,4.6,4.67,5.1379,3830,857.58,3.355,17.195,0.846369964,0.737570015,156.1999969,1.404396071,0.772140026
25-02-26,3.71,3.73,3.69,3.68,3.62,3.53,3.45,3.49,3.61,3.82,4.05,4.63,4.7,5.1437,3687,865.36,3.355,17.1579,0.849240042,0.740880011,155.8800049,1.416230022,0.77372998
24-02-26,3.72,3.73,3.69,3.7,3.62,3.52,3.43,3.47,3.61,3.81,4.04,4.63,4.7,5.1679,3704,867.29,3.356,17.1753,0.847900008,0.740909981,154.6349945,1.416290038,0.774230003
23-02-26,3.72,3.74,3.69,3.7,3.62,3.5,3.43,3.45,3.59,3.79,4.03,4.63,4.7,5.1632,3683.3,867.13,3.358,17.2659,0.844970018,0.738919955,154.3390045,1.406193037,0.771700025
20-02-26,3.72,3.74,3.69,3.71,3.61,3.51,3.48,3.5,3.65,3.85,4.08,4.66,4.72,5.2003,3717.5,866.74,3.36,17.1366,0.849680031,0.742879966,155.1600037,1.417212922,0.775340021
19-02-26,3.72,3.75,3.69,3.7,3.6,3.5,3.47,3.5,3.65,3.85,4.08,4.64,4.7,5.22535,3698.44,863.29,3.358,17.2768,0.848259944,0.740969994,154.6929932,1.419689967,0.772199988
18-02-26,3.71,3.73,3.7,3.7,3.6,3.49,3.47,3.5,3.66,3.86,4.09,4.65,4.71,5.2346,3681,868.24,3.351,17.2319,0.843749994,0.737219986,153.1490021,1.411791,0.770200014
17-02-26,3.72,3.73,3.69,3.7,3.59,3.48,3.43,3.47,3.63,3.82,4.05,4.63,4.68,5.2285,3649,862.91,3.345,17.1288,0.843890047,0.733800011,153.6089935,1.413830075,0.769599974
13-02-26,3.72,3.73,3.68,3.7,3.59,3.42,3.4,3.43,3.61,3.81,4.04,4.64,4.69,5.2285,3656,854.41,3.351,17.1443,0.842570046,0.734200002,152.8209991,1.411013993,0.769550025
12-02-26,3.72,3.74,3.7,3.7,3.58,3.45,3.47,3.49,3.67,3.87,4.09,4.68,4.72,5.1671,3663,856.38,3.353,17.2084,0.842029948,0.733998989,153.2689972,1.403449998,0.771139979
11-02-26,3.71,3.73,3.7,3.7,3.6,3.47,3.52,3.55,3.75,3.96,4.18,4.76,4.82,5.1833,3664,856.06,3.354,17.1856,0.841069954,0.733430015,154.4819946,1.413467968,0.768570006
10-02-26,3.72,3.74,3.69,3.69,3.58,3.4,3.45,3.5,3.7,3.92,4.16,4.73,4.78,5.2018,3671.1,854.25,3.357,17.1804,0.840049975,0.730809962,156.1320038,1.411712002,0.767120004
09-02-26,3.72,3.73,3.69,3.7,3.59,3.43,3.48,3.56,3.75,3.97,4.22,4.79,4.85,5.194,3658,859.66,3.355,17.2005,0.845610037,0.734810012,157.2440033,1.421727,0.775829971
06-02-26,3.72,3.74,3.68,3.7,3.59,3.45,3.5,3.57,3.76,3.98,4.22,4.8,4.85,5.2338,3656.25,865.67,3.358,17.2592,0.849049994,0.739599975,156.7839966,1.445839084,0.777700007
05-02-26,3.72,3.74,3.67,3.68,3.58,3.44,3.47,3.55,3.74,3.97,4.21,4.79,4.85,5.2577,3710,857.59,3.366,17.4079,0.847339962,0.732890032,156.9170074,1.429715074,0.777310014
04-02-26,3.72,3.74,3.69,3.7,3.62,3.49,3.57,3.64,3.83,4.05,4.29,4.86,4.91,5.2356,3650.5,859.53,3.361,17.3267,0.846300031,0.730059964,155.798996,1.423990066,0.775759995
03-02-26,3.72,3.74,3.69,3.7,3.62,3.49,3.57,3.64,3.83,4.04,4.28,4.85,4.9,5.2233,3648,868.52,3.361,17.2599,0.847549967,0.731360019,155.4429932,1.43771099,0.779009998
02-02-26,3.72,3.74,3.69,3.7,3.62,3.49,3.57,3.64,3.83,4.05,4.29,4.85,4.9,5.2584,3613.58,865.1,3.365,17.4201,0.843940053,0.731040002,155.2019958,1.439619973,0.773559988
30-01-26,3.72,3.75,3.67,3.69,3.61,3.48,3.52,3.6,3.79,4.01,4.26,4.82,4.87,5.2298,3690,858.45,3.368,17.4201,0.835719997,0.724300006,153.1620026,1.418982968,0.764410019
29-01-26,3.72,3.75,3.67,3.69,3.62,3.5,3.53,3.63,3.8,4.01,4.24,4.8,4.85,5.1953,3641,857.95,3.345,17.2333,0.834880009,0.723310002,153.095993,1.420495083,0.765739977
28-01-26,3.76,3.71,3.68,3.7,3.63,3.52,3.56,3.66,3.83,4.05,4.26,4.81,4.85,5.1835,3672.2,862.17,3.345,17.2178,0.832109975,0.723360024,152.4530029,1.429429058,0.763199985
27-01-26,3.77,3.7,3.67,3.66,3.61,3.5,3.53,3.65,3.81,4.03,4.24,4.79,4.83,5.2389,3623,862.98,3.345,17.242,0.842000029,0.731130033,154.3359985,1.446190045,0.777239978
26-01-26,3.77,3.7,3.67,3.67,3.62,3.52,3.56,3.66,3.82,4.02,4.22,4.75,4.8,5.2757,3685,870.71,3.35,17.3698,0.843280009,0.731929999,155.1660004,1.446341025,0.777869999
23-01-26,3.78,3.72,3.7,3.67,3.61,3.53,3.6,3.67,3.84,4.03,4.24,4.78,4.82,5.28755,3650,872.22,3.352,17.3677,0.850730015,0.740670026,158.5010071,1.46187999,0.788999975
22-01-26,3.79,3.72,3.71,3.67,3.61,3.53,3.61,3.68,3.85,4.05,4.26,4.79,4.84,5.3115,3602,878.21,3.353,17.4802,0.856680001,0.745190039,158.4559937,1.480430021,0.796389997
21-01-26,3.75,3.7,3.7,3.67,3.62,3.53,3.6,3.66,3.83,4.04,4.26,4.82,4.87,5.3365,3671.9,889.54,3.356,17.4843,0.852670047,0.74400005,158.1620026,1.485509058,0.789499998
20-01-26,3.75,3.69,3.7,3.65,3.61,3.53,3.6,3.68,3.86,4.08,4.3,4.87,4.91,5.3787,3673,888.66,3.357,17.6056,0.859170033,0.74525002,158.177002,1.490339964,0.797890007
16-01-26,3.75,3.68,3.67,3.66,3.6,3.55,3.59,3.67,3.82,4.02,4.24,4.79,4.83,5.3795,3685,884.57,3.358,17.6465,0.861400021,0.74730995,158.595993,1.491600045,0.803420007
15-01-26,3.75,3.69,3.68,3.66,3.6,3.54,3.56,3.62,3.77,3.96,4.17,4.74,4.79,5.3843,3688,882.74,3.36,17.6499,0.858640002,0.743900027,158.4019928,1.496379018,0.799719989
14-01-26,3.72,3.66,3.67,3.65,3.58,3.5,3.51,3.56,3.72,3.92,4.15,4.73,4.79,5.3792,3681.15,883.96,3.36,17.8136,0.858920018,0.744780037,159.1790009,1.496199931,0.801010013
13-01-26,3.72,3.66,3.67,3.63,3.59,3.51,3.53,3.57,3.75,3.95,4.18,4.77,4.83,5.3761,3629.9,885.71,3.359,17.8438,0.85711994,0.742629989,157.9859924,1.490800024,0.797360003
12-01-26,3.71,3.64,3.67,3.63,3.58,3.53,3.54,3.59,3.77,3.97,4.19,4.78,4.83,5.3757,3718.4,895.54,3.359,17.9188,0.86031005,0.746590036,158.1490021,1.495707063,0.80152601
09-01-26,3.7,3.63,3.62,3.62,3.57,3.52,3.54,3.59,3.75,3.95,4.18,4.76,4.82,5.3704,3718.4,896.89,3.361,17.9836,0.857789995,0.744158055,156.8800049,1.492300037,0.799009979
08-01-26,3.7,3.63,3.62,3.6,3.56,3.48,3.49,3.56,3.74,3.95,4.19,4.79,4.85,5.3857,3711.93,895.33,3.362,17.9846,0.856400044,0.742979977,156.7310028,1.487630006,0.79764998
07-01-26,3.7,3.6,3.62,3.6,3.56,3.48,3.47,3.53,3.7,3.91,4.15,4.76,4.82,5.3877,3742,896.82,3.362,17.9666,0.855559962,0.740710052,156.6799927,1.484340003,0.79549998
06-01-26,3.7,3.61,3.63,3.58,3.56,3.48,3.47,3.54,3.72,3.93,4.18,4.8,4.86,5.3794,3716.99,905.14,3.362,17.9723,0.853609985,0.738879993,156.6260071,1.489557958,0.792100012
05-01-26,3.71,3.64,3.64,3.61,3.57,3.47,3.46,3.53,3.71,3.92,4.17,4.79,4.85,5.4348,3737,901.55,3.362,17.9063,0.854360001,0.74415997,156.9889984,1.496132017,0.79339999
02-01-26,3.72,3.66,3.65,3.62,3.58,3.47,3.47,3.55,3.74,3.95,4.19,4.81,4.86,5.4369,3772,907.13,3.363,17.9142,0.851030019,0.742190029,156.7310028,1.497387081,0.792029977
31-12-25,3.74,3.67,3.67,3.63,3.59,3.48,3.47,3.55,3.73,3.94,4.18,4.79,4.84,5.5021,3780,911.18,3.363,18.008,0.851259998,0.742544992,156.4129944,1.492983017,0.791700006
30-12-25,3.65,3.65,3.65,3.63,3.59,3.47,3.45,3.5,3.68,3.89,4.14,4.76,4.81,5.5021,3780,911.18,3.363,17.9959,0.849409962,0.74013801,156.0130005,1.493540035,0.788699985
29-12-25,3.69,3.7,3.68,3.66,3.59,3.48,3.45,3.51,3.67,3.88,4.12,4.75,4.8,5.5736,3754.77,904.54,3.366,17.9682,0.849420025,0.740890023,156.4629974,1.489402977,0.789240003
26-12-25,3.7,3.72,3.64,3.66,3.58,3.49,3.46,3.54,3.68,3.89,4.14,4.76,4.81,5.541,3685.1,905.04,3.364,17.893,0.848510056,0.740250022,156.0899963,1.491289928,0.788049996
24-12-25,3.72,3.74,3.69,3.67,3.59,3.5,3.47,3.56,3.7,3.91,4.15,4.75,4.79,5.5346,3738,906.44,3.364,17.9418,0.847779954,0.739995023,156.1759949,1.492113963,0.787450016
23-12-25,3.71,3.7,3.65,3.66,3.59,3.52,3.48,3.58,3.72,3.94,4.18,4.78,4.83,5.564,3755,908.4,3.365,17.9156,0.849910056,0.742396015,156.8769989,1.501862108,0.791429996
22-12-25,3.72,3.71,3.64,3.65,3.6,3.53,3.44,3.56,3.71,3.93,4.17,4.78,4.84,5.5386,3785,909.9,3.367,17.9816,0.854109994,0.747550031,157.6759949,1.512813984,0.795830011
19-12-25,3.71,3.72,3.62,3.64,3.6,3.51,3.48,3.53,3.7,3.91,4.16,4.77,4.82,5.5157,3822.3,914.99,3.367,17.9994,0.852829985,0.747082998,155.5859985,1.511989961,0.794009984
18-12-25,3.71,3.72,3.62,3.63,3.58,3.49,3.46,3.5,3.66,3.87,4.12,4.74,4.8,5.528,3858,917.45,3.367,18.0032,0.851620027,0.747686022,155.4949951,1.514806987,0.79519999
17-12-25,3.73,3.73,3.64,3.65,3.59,3.51,3.49,3.53,3.7,3.91,4.16,4.78,4.83,5.509,3867,913.74,3.368,18.0154,0.851100044,0.744879039,154.7779999,1.507385934,0.79519999
16-12-25,3.76,3.73,3.64,3.64,3.6,3.51,3.48,3.52,3.69,3.9,4.15,4.77,4.82,5.4502,3842.5,912.03,3.369,17.9509,0.850730015,0.747349964,155.0149994,1.505615991,0.796010017
15-12-25,3.77,3.75,3.65,3.65,3.6,3.52,3.51,3.56,3.73,3.94,4.18,4.8,4.84,5.3926,3830.25,912.66,3.37,17.9812,0.851960026,0.748070011,155.8880005,1.504370032,0.796140015
12-12-25,3.76,3.75,3.63,3.64,3.58,3.54,3.52,3.58,3.75,3.95,4.19,4.82,4.85,5.4008,3802.33,916.9,3.368,18.0354,0.851829997,0.746800001,155.5670013,1.500375022,0.79479003
11-12-25,3.77,3.76,3.66,3.67,3.62,3.56,3.52,3.55,3.72,3.91,4.14,4.75,4.79,5.4234,3800.6,923.99,3.369,18.0354,0.854610067,0.746919958,155.7899933,1.498239946,0.799380004
10-12-25,3.79,3.75,3.69,3.69,3.66,3.58,3.54,3.56,3.72,3.92,4.13,4.74,4.78,5.4653,3839.3,926.89,3.372,18.1824,0.859969967,0.751680046,156.8379974,1.505800042,0.805899978
09-12-25,3.81,3.78,3.73,3.73,3.7,3.63,3.61,3.62,3.78,3.96,4.18,4.77,4.8,5.4567,3865,920.02,3.363,18.1919,0.859000056,0.750368023,155.8439941,1.508909892,0.806638002
08-12-25,3.82,3.78,3.73,3.73,3.69,3.61,3.57,3.59,3.75,3.94,4.17,4.78,4.81,5.4246,3840.5,918.15,3.363,18.2559,0.859089963,0.750491949,155.3399963,1.507068001,0.804849982
05-12-25,3.82,3.77,3.71,3.73,3.68,3.61,3.56,3.59,3.72,3.9,4.14,4.75,4.79,5.3402,3840.5,918.15,3.363,18.1824,0.858899967,0.75064997,155.1419983,1.51368001,0.803780019
04-12-25,3.83,3.78,3.71,3.73,3.69,3.6,3.52,3.55,3.68,3.87,4.11,4.72,4.76,5.2949,3799.8,919.46,3.361,18.2389,0.857130012,0.749130008,155.1069946,1.514000056,0.799759984
03-12-25,3.83,3.78,3.72,3.73,3.68,3.57,3.49,3.5,3.62,3.82,4.06,4.68,4.73,5.3111,3761.1,925.37,3.362,18.2838,0.860000031,0.756459991,155.8070068,1.52121311,0.802860022
02-12-25,3.9,3.83,3.77,3.78,3.72,3.59,3.51,3.54,3.66,3.85,4.09,4.7,4.74,5.3462,3808.5,927.95,3.367,18.2826,0.861499986,0.757039993,155.5570068,1.528116963,0.8046
01-12-25,3.98,3.92,3.81,3.82,3.75,3.62,3.54,3.55,3.67,3.86,4.09,4.71,4.74,5.3466,3813.13,928.16,3.372,18.3103,0.861960036,0.755299997,155.9279938,1.526414954,0.803340018
28-11-25,4.05,3.99,3.88,3.86,3.74,3.61,3.47,3.49,3.59,3.78,4.02,4.62,4.67,5.3335,3755,929.14,3.364,18.2953,0.862079976,0.755219963,156.2839966,1.530034974,0.8046
26-11-25,4.06,4,3.92,3.86,3.76,3.61,3.45,3.47,3.56,3.75,4,4.6,4.64,5.3691,3729,937.15,3.368,18.3435,0.864690043,0.759953051,156.2299957,1.545523116,0.807980001
25-11-25,4.04,3.97,3.9,3.82,3.75,3.6,3.43,3.46,3.55,3.77,4.01,4.62,4.67,5.3838,3811.92,939.57,3.369,18.3832,0.868050024,0.762999984,156.9389954,1.546599075,0.808610022
24-11-25,4.03,3.99,3.91,3.83,3.76,3.61,3.46,3.49,3.61,3.8,4.04,4.64,4.68,5.3945,3800.5,937.36,3.383,18.5133,0.868989986,0.763570045,156.6880035,1.547413021,0.808669984
21-11-25,4.03,4,3.9,3.84,3.75,3.62,3.51,3.5,3.62,3.82,4.06,4.67,4.71,5.3899,3805.35,929,3.387,18.4847,0.866960014,0.764240022,157.3690033,1.550508,0.805480003
20-11-25,4.04,4.02,3.94,3.86,3.79,3.65,3.55,3.56,3.68,3.87,4.1,4.68,4.73,5.3343,3763.44,931.36,3.379,18.3892,0.866499983,0.765590008,156.9920044,1.540829953,0.805419981
19-11-25,4.01,4,3.95,3.86,3.8,3.68,3.58,3.59,3.71,3.9,4.13,4.71,4.75,5.3343,3712.5,929.26,3.379,18.3592,0.863470042,0.760600004,155.5480042,1.53632993,0.800199986
18-11-25,4.02,3.99,3.94,3.85,3.79,3.67,3.58,3.58,3.7,3.89,4.12,4.72,4.74,5.3358,3722,919.82,3.372,18.339,0.862770056,0.760099998,155.272995,1.540191014,0.796239972
17-11-25,4.04,4.01,3.97,3.87,3.81,3.69,3.6,3.6,3.72,3.9,4.13,4.71,4.73,5.3105,3757.8,932.63,3.361,18.3102,0.860930053,0.759869962,154.5850067,1.530689952,0.794279993
14-11-25,4.04,4.01,3.95,3.88,3.8,3.7,3.62,3.61,3.74,3.92,4.14,4.73,4.74,5.2949,3757.8,925.63,3.363,18.3102,0.859700014,0.760330036,154.6329956,1.531628027,0.793269992
13-11-25,4.05,4,3.96,3.88,3.8,3.68,3.58,3.57,3.71,3.89,4.11,4.69,4.7,5.2817,3743.3,932.37,3.373,18.3215,0.862650013,0.76174003,154.7129974,1.529894057,0.797819972
12-11-25,4.03,3.98,3.95,3.86,3.78,3.65,3.56,3.55,3.68,3.86,4.08,4.65,4.67,5.2882,3706,936.89,3.367,18.31,0.862999944,0.760289999,154.0749969,1.531511001,0.800329983
10-11-25,4.04,4,3.95,3.85,3.79,3.66,3.58,3.56,3.72,3.9,4.13,4.69,4.71,5.3178,3753,946.24,3.366,18.3807,0.866259997,0.760879963,153.8170013,1.537893973,0.807089984
07-11-25,4.01,3.98,3.92,3.83,3.76,3.63,3.55,3.57,3.67,3.87,4.11,4.68,4.7,5.3564,3783,940.84,3.375,18.4573,0.865859959,0.760979978,152.947998,1.542281947,0.805899978
06-11-25,4.02,3.98,3.93,3.84,3.76,3.65,3.57,3.58,3.69,3.87,4.11,4.67,4.69,5.3448,3785,945.6,3.373,18.5647,0.869809942,0.766130989,154.072998,1.536120056,0.809729993
05-11-25,4,4,3.96,3.87,3.79,3.71,3.63,3.65,3.76,3.95,4.17,4.72,4.74,5.3795,3833.1,945.13,3.368,18.5904,0.870660002,0.767949003,153.5570068,1.541876994,0.810329974
04-11-25,4.02,4.01,3.96,3.87,3.78,3.67,3.58,3.59,3.69,3.88,4.1,4.65,4.67,5.3843,3858,940.53,3.384,18.6563,0.868120003,0.761309961,154.2039948,1.528799972,0.808130026
03-11-25,4.06,4.05,3.98,3.88,3.8,3.7,3.6,3.61,3.72,3.9,4.13,4.67,4.69,5.3502,3852,943.69,3.376,18.4847,0.867449955,0.761340017,154.1950073,1.52771997,0.804899991
31-10-25,4.06,4.04,3.89,3.87,3.79,3.7,3.6,3.6,3.71,3.89,4.11,4.65,4.67,5.384,3852,940.57,3.367,18.5796,0.864119977,0.759929988,153.8999939,1.524552965,0.801590025
30-10-25,4.05,4.04,3.92,3.87,3.79,3.7,3.61,3.61,3.72,3.9,4.11,4.64,4.65,5.3847,3863,940.57,3.382,18.5476,0.861819942,0.757839977,152.7220001,1.520496072,0.799799979
29-10-25,4.03,3.99,3.93,3.86,3.79,3.7,3.59,3.6,3.7,3.87,4.08,4.59,4.61,5.3413,3873,941.63,3.391,18.4706,0.857789995,0.75305,151.7310028,1.518579894,0.79282999
28-10-25,4.07,3.97,3.89,3.86,3.72,3.59,3.47,3.5,3.6,3.77,3.99,4.53,4.55,5.3687,3897.93,938.19,3.391,18.4315,0.858240032,0.749568993,152.6920013,1.52471604,0.794610023
27-10-25,4.09,4,3.89,3.87,3.73,3.59,3.48,3.5,3.61,3.79,4.01,4.55,4.57,5.3741,3846.5,943.47,3.384,18.3961,0.859720015,0.750615983,153.0610046,1.530459976,0.796050012
24-10-25,4.11,4.02,3.93,3.89,3.76,3.58,3.48,3.49,3.61,3.79,4.02,4.56,4.59,5.3794,3850.5,945.34,3.383,18.4411,0.860729969,0.750329967,152.602005,1.534966914,0.795080006
23-10-25,4.12,4.05,3.95,3.9,3.78,3.59,3.48,3.49,3.61,3.79,4.01,4.55,4.58,5.3837,3881.9,950.46,3.389,18.3952,0.861440004,0.748959987,151.9539948,1.540832075,0.796090007
22-10-25,4.11,4.04,3.96,3.9,3.78,3.55,3.45,3.44,3.56,3.74,3.97,4.52,4.54,5.3895,3908,951.78,3.406,18.4479,0.862040022,0.748209996,151.8930054,1.540379938,0.796700001
21-10-25,4.12,4.05,3.96,3.9,3.78,3.56,3.45,3.46,3.56,3.74,3.98,4.53,4.55,5.3845,3890,953.21,3.39,18.4397,0.858780031,0.745980021,150.7740021,1.534610009,0.792400002
20-10-25,4.15,4.05,3.97,3.92,3.78,3.55,3.46,3.47,3.58,3.77,4,4.56,4.58,5.3768,3883.2,960.34,3.372,18.4111,0.857819994,0.744830031,150.8999939,1.538058928,0.793590009
17-10-25,4.18,4.08,4,3.95,3.79,3.56,3.46,3.47,3.59,3.78,4.02,4.58,4.6,5.4387,3834,956.13,3.379,18.3899,0.854729973,0.743740021,150.1199951,1.542639025,0.791830003
16-10-25,4.2,4.1,4.02,3.96,3.79,3.54,3.41,3.42,3.55,3.74,3.99,4.56,4.58,5.4351,3845,959.36,3.385,18.4318,0.858640002,0.746020025,150.973999,1.536569977,0.796549976
15-10-25,4.2,4.09,4.03,3.98,3.82,3.61,3.5,3.51,3.63,3.82,4.05,4.61,4.64,5.4461,3895,963.69,3.404,18.4723,0.86189999,0.750659979,151.7310028,1.540523077,0.801530004
14-10-25,4.19,4.08,4.02,3.95,3.8,3.58,3.48,3.47,3.6,3.79,4.03,4.59,4.62,5.4979,3925,957.66,3.425,18.5064,0.864539971,0.750040012,152.4340057,1.535721004,0.804289997
10-10-25,4.19,4.1,4.02,3.96,3.81,3.6,3.52,3.52,3.65,3.83,4.05,4.6,4.63,5.4443,3924.63,948.77,3.434,18.5424,0.864569999,0.751600036,152.9649963,1.524090116,0.806169987
09-10-25,4.2,4.11,4.03,3.95,3.83,3.66,3.6,3.59,3.74,3.92,4.14,4.7,4.72,5.3535,3886.89,951.45,3.423,18.3855,0.859700014,0.746190041,152.6799927,1.518718047,0.801500022
08-10-25,4.2,4.09,4.01,3.94,3.82,3.66,3.58,3.58,3.72,3.91,4.13,4.69,4.72,5.3424,3895,961.61,3.443,18.3242,0.858030049,0.745100021,152.0509949,1.519639987,0.798590004
07-10-25,4.2,4.1,4.01,3.95,3.81,3.65,3.57,3.56,3.71,3.9,4.14,4.7,4.73,5.336,3877.06,963.09,3.443,18.3945,0.853950011,0.741570004,150.3309937,1.511373078,0.794910014
06-10-25,4.22,4.11,4.02,3.95,3.81,3.66,3.6,3.63,3.75,3.95,4.18,4.73,4.76,5.3223,3858.95,963.17,3.459,18.3474,0.853790001,0.744390037,149.6060028,1.516736959,0.797190011
03-10-25,4.24,4.11,4.03,3.96,3.82,3.64,3.58,3.59,3.72,3.9,4.13,4.69,4.71,5.3495,3870,961.54,3.461,18.3935,0.852869957,0.74368002,147.1499939,1.515589996,0.797020018
02-10-25,4.23,4.11,4.02,3.96,3.81,3.62,3.55,3.56,3.67,3.86,4.1,4.66,4.69,5.3446,3887,959.19,3.473,18.4252,0.852220031,0.74182996,147.0829926,1.511601984,0.796909988
01-10-25,4.17,4.12,4.01,3.95,3.8,3.62,3.55,3.56,3.68,3.88,4.12,4.69,4.72,5.3205,3880,962.39,3.475,18.3686,0.852090009,0.743859986,147.996994,1.512698997,0.796199977
30-09-25,4.2,4.15,4.02,3.98,3.83,3.68,3.6,3.61,3.74,3.93,4.16,4.71,4.73,5.4261,4015.92,967.48,3.53,18.6615,0.852410028,0.744199977,148.5950012,1.519299941,0.797200024
29-09-25,4.22,4.16,4.04,3.99,3.84,3.65,3.63,3.63,3.74,3.92,4.15,4.69,4.71,5.4261,4015.92,967.48,3.53,18.6615,0.854099994,0.745809968,149.4049988,1.525786108,0.797479987
26-09-25,4.22,4.17,4.02,4,3.83,3.67,3.63,3.66,3.76,3.96,4.2,4.74,4.77,5.4261,4015.92,967.48,3.53,18.6615,0.85742999,0.749819978,149.8609924,1.52968008,0.800040007
25-09-25,4.24,4.18,4.04,4.01,3.85,3.68,3.64,3.66,3.75,3.94,4.18,4.73,4.75,5.4261,4015.92,967.48,3.53,18.6615,0.851449999,0.743361979,148.7510071,1.518159953,0.794659972
24-09-25,4.18,4.13,4.02,3.98,3.82,3.63,3.57,3.6,3.7,3.91,4.16,4.73,4.76,5.4261,4015.92,967.48,3.53,18.6615,0.846420008,0.739400035,147.6130066,1.515656949,0.791429996
23-09-25,4.16,4.12,4,3.97,3.81,3.61,3.53,3.57,3.68,3.87,4.12,4.7,4.73,5.4261,4015.92,967.48,3.53,18.6615,0.84738002,0.739920026,147.7250061,1.514693065,0.792389989
22-09-25,4.17,4.13,4,3.98,3.81,3.61,3.61,3.59,3.71,3.9,4.15,4.73,4.77,5.4261,4015.92,967.48,3.53,18.6615,0.852010041,0.742680024,148.0950012,1.517609956,0.796230018
19-09-25,4.19,4.14,4.03,3.98,3.81,3.6,3.57,3.56,3.68,3.88,4.14,4.71,4.75,5.4261,4015.92,967.48,3.53,18.6615,0.848100001,0.737680019,147.9470062,1.511052917,0.792509973
18-09-25,4.2,4.14,4.03,3.98,3.81,3.61,3.57,3.55,3.67,3.86,4.11,4.68,4.72,5.4261,4015.92,967.48,3.53,18.6615,0.84557006,0.733690006,146.8910065,1.503194011,0.788339972
17-09-25,4.17,4.11,4.02,3.97,3.8,3.6,3.52,3.51,3.62,3.81,4.06,4.62,4.66,5.4261,4015.92,967.48,3.53,18.6615,0.842360048,0.732389974,146.4129944,1.494992015,0.78591001
16-09-25,4.2,4.15,4.04,4,3.81,3.62,3.51,3.47,3.59,3.78,4.04,4.61,4.65,5.4261,4015.92,967.48,3.53,18.6615,0.850069993,0.73514996,147.4049988,1.498575983,0.794659972
15-09-25,4.22,4.17,4.06,4,3.81,3.64,3.54,3.5,3.61,3.79,4.05,4.63,4.66,5.4261,4015.92,967.48,3.53,18.6615,0.85276999,0.737820035,147.6660004,1.503985955,0.796700001
12-09-25,4.24,4.2,4.08,4.02,3.83,3.66,3.56,3.52,3.63,3.81,4.06,4.65,4.68,5.4261,4015.92,967.48,3.53,18.6615,0.852169991,0.736559984,147.223999,1.49970001,0.795949996
11-09-25,4.22,4.18,4.08,4,3.82,3.63,3.52,3.47,3.59,3.76,4.01,4.61,4.65,5.4261,4015.92,967.48,3.53,18.6615,0.854449984,0.73883997,147.3320007,1.510730034,0.798669994
10-09-25,4.23,4.2,4.09,4.02,3.83,3.66,3.54,3.47,3.59,3.78,4.04,4.65,4.69,5.4261,4015.92,967.48,3.53,18.6615,0.85450003,0.739584977,147.3919983,1.518671993,0.797299981
09-09-25,4.25,4.22,4.1,4.05,3.85,3.68,3.54,3.48,3.61,3.81,4.08,4.68,4.72,5.4261,4015.92,967.48,3.53,18.6615,0.849680031,0.737840023,147.3639984,1.515589996,0.792810023
08-09-25,4.26,4.21,4.1,4.04,3.84,3.64,3.49,3.47,3.57,3.77,4.05,4.65,4.69,5.4261,4015.92,967.48,3.53,18.6615,0.853739951,0.741129989,148.3439941,1.525669003,0.799179971
05-09-25,4.29,4.24,4.07,4.05,3.85,3.65,3.51,3.48,3.59,3.8,4.1,4.72,4.78,5.4261,4015.92,967.48,3.53,18.6615,0.857859997,0.743799966,148.375,1.533272041,0.805130005
04-09-25,4.33,4.28,4.16,4.12,3.94,3.76,3.59,3.55,3.65,3.87,4.17,4.81,4.86,5.4261,4015.92,967.48,3.53,18.6615,0.857599959,0.743959998,147.9799957,1.528023993,0.803799987
03-09-25,4.35,4.26,4.18,4.14,3.96,3.77,3.61,3.58,3.69,3.92,4.22,4.85,4.9,5.4261,4015.92,967.48,3.53,18.6615,0.859399943,0.747190001,148.5480042,1.534142016,0.805289984
02-09-25,4.4,4.29,4.2,4.15,3.99,3.82,3.66,3.63,3.74,3.98,4.28,4.92,4.97,5.4261,4015.92,967.48,3.53,18.6615,0.853539981,0.738120037,147.0839996,1.525133933,0.800149977
29-08-25,4.41,4.3,4.23,4.17,4.01,3.83,3.59,3.58,3.68,3.92,4.23,4.86,4.92,5.4261,4015.92,967.48,3.53,18.6615,0.856050028,0.740129977,146.7899933,1.530831016,0.801590025
28-08-25,4.42,4.31,4.26,4.17,4.04,3.85,3.62,3.6,3.69,3.92,4.22,4.83,4.88,5.4112,4029,968.64,3.538,18.6439,0.858519963,0.740530037,147.3159943,1.535768098,0.801500022
27-08-25,4.42,4.3,4.26,4.18,4.04,3.83,3.59,3.59,3.69,3.95,4.24,4.87,4.91,5.4425,4029.5,965.01,3.55,18.6596,0.85914997,0.741910004,147.4620056,1.539455977,0.803759992
26-08-25,4.42,4.34,4.28,4.2,4.06,3.85,3.61,3.63,3.75,3.98,4.26,4.86,4.9,5.4215,4055,962.51,3.548,18.6663,0.86070003,0.743299997,147.8220062,1.542948022,0.806169987
25-08-25,4.45,4.35,4.29,4.21,4.08,3.88,3.73,3.68,3.8,4.01,4.28,4.86,4.89,5.4171,4028.2,964.15,3.532,18.6913,0.854,0.740129977,147.2149963,1.542044081,0.802259982
22-08-25,4.47,4.36,4.27,4.21,4.08,3.87,3.68,3.64,3.76,3.98,4.26,4.84,4.88,5.4389,4013,968.63,3.517,18.5935,0.861099999,0.745190039,148.3860016,1.556300007,0.808669984
21-08-25,4.49,4.39,4.32,4.24,4.14,3.95,3.79,3.75,3.86,4.07,4.33,4.89,4.92,5.4825,4031,965.06,3.537,18.7668,0.858240032,0.742590019,147.3179932,1.553735957,0.804139972
20-08-25,4.45,4.35,4.3,4.22,4.11,3.9,3.74,3.69,3.81,4.02,4.29,4.86,4.89,5.4723,4020,963.57,3.52,18.7562,0.858920018,0.741465981,147.7310028,1.549283088,0.807770014
19-08-25,4.46,4.35,4.3,4.21,4.11,3.91,3.75,3.7,3.82,4.04,4.3,4.89,4.9,5.4713,4031.1,966.24,3.528,18.8176,0.857020026,0.740290002,147.9160004,1.539693045,0.807410002
18-08-25,4.47,4.35,4.33,4.22,4.13,3.93,3.77,3.73,3.86,4.07,4.34,4.92,4.94,5.4152,4015,961.84,3.541,18.7807,0.854219931,0.737659974,147.2640076,1.5354,0.806599975
15-08-25,4.48,4.35,4.3,4.22,4.12,3.93,3.75,3.73,3.85,4.07,4.33,4.91,4.92,5.3925,4015,952.37,3.558,18.7412,0.858269975,0.739059987,147.6909943,1.539049966,0.807519972
14-08-25,4.48,4.36,4.3,4.22,4.12,3.91,3.74,3.7,3.82,4.03,4.29,4.86,4.88,5.4092,4053.77,952.37,3.566,18.8159,0.853760022,0.736089978,147.1199951,1.52631997,0.804719985
13-08-25,4.44,4.32,4.29,4.21,4.09,3.86,3.67,3.64,3.77,3.98,4.24,4.81,4.83,5.3925,4028.01,962.28,3.539,18.6402,0.856380023,0.740509969,147.7579956,1.531439984,0.806140006
12-08-25,4.44,4.35,4.33,4.25,4.12,3.9,3.72,3.69,3.83,4.03,4.29,4.87,4.88,5.4049,4016.7,969.77,3.528,18.5803,0.86070003,0.744310052,148.125,1.535060029,0.811800003
11-08-25,4.46,4.38,4.34,4.27,4.15,3.93,3.76,3.71,3.83,4.03,4.27,4.83,4.84,5.447,4034,965.64,3.532,18.68,0.858519963,0.743799966,147.6640015,1.534279928,0.807470024
08-08-25,4.48,4.39,4.32,4.27,4.15,3.93,3.76,3.7,3.84,4.03,4.27,4.84,4.85,5.4251,4049,971.88,3.521,18.6014,0.856410011,0.743410004,146.8370056,1.532399973,0.805689991
07-08-25,4.49,4.41,4.32,4.27,4.15,3.92,3.72,3.66,3.79,3.99,4.23,4.81,4.81,5.4635,4046.1,976.42,3.538,18.6368,0.857400018,0.748619977,147.1929932,1.538409963,0.806050003
06-08-25,4.48,4.4,4.32,4.27,4.15,3.9,3.69,3.63,3.77,3.97,4.22,4.8,4.81,5.4799,4046.1,966.02,3.555,18.6142,0.863620008,0.751910003,147.5599976,1.544879995,0.806919992
05-08-25,4.49,4.41,4.34,4.29,4.16,3.92,3.72,3.63,3.77,3.97,4.22,4.77,4.78,5.5116,4090,964.28,3.555,18.7378,0.86325003,0.752020011,146.7929993,1.544450076,0.807089984
04-08-25,4.48,4.43,4.35,4.28,4.15,3.82,3.69,3.66,3.75,3.95,4.22,4.78,4.8,5.511,4096.5,967.48,3.563,18.9069,0.863059966,0.752449972,147.3430023,1.545810054,0.804009974
01-08-25,4.49,4.44,4.35,4.3,4.16,3.87,3.69,3.67,3.77,3.97,4.23,4.79,4.81,5.5433,4127,976.8,3.581,18.8886,0.875370033,0.757010002,150.7720032,1.555430107,0.813899994
31-07-25,4.49,4.46,4.41,4.4,4.31,4.1,3.94,3.89,3.96,4.14,4.37,4.89,4.89,5.6018,4181,978.07,3.591,18.868,0.874940001,0.75427999,149.2259979,1.551079955,0.813210011
30-07-25,4.41,4.45,4.41,4.39,4.31,4.12,3.94,3.89,3.96,4.15,4.38,4.9,4.89,5.6031,4183.9,970.09,3.568,18.8567,0.86573003,0.748860031,148.4420013,1.535340002,0.80546999
29-07-25,4.4,4.45,4.4,4.41,4.28,4.07,3.86,3.82,3.9,4.1,4.34,4.86,4.86,5.5761,4144,969.75,3.544,18.7509,0.862310028,0.74848999,148.4790039,1.532799962,0.80309999
28-07-25,4.4,4.45,4.4,4.42,4.3,4.09,3.91,3.87,3.96,4.18,4.42,4.95,4.96,5.5874,4165,957.82,3.544,18.7634,0.850570002,0.74400005,147.8130035,1.521379887,0.795369983
25-07-25,4.37,4.46,4.42,4.42,4.31,4.09,3.91,3.86,3.95,4.15,4.4,4.92,4.92,5.5423,4141,951.27,3.544,18.5469,0.85061994,0.74019006,147.0050049,1.515800049,0.794870019
24-07-25,4.37,4.46,4.42,4.42,4.32,4.1,3.91,3.87,3.98,4.18,4.43,4.95,4.96,5.5236,4073.99,948.93,3.541,18.5548,0.849309945,0.736400016,146.348999,1.514233995,0.792047024
23-07-25,4.37,4.45,4.41,4.42,4.31,4.08,3.88,3.84,3.94,4.15,4.4,4.93,4.95,5.5534,4045.03,953.4,3.554,18.5329,0.851849979,0.739560004,146.7850037,1.525620029,0.793630004
22-07-25,4.37,4.45,4.41,4.42,4.3,4.05,3.83,3.77,3.88,4.09,4.35,4.9,4.9,5.5706,4075,956.65,3.554,18.6383,0.855100004,0.741319991,147.4089966,1.531840031,0.798084021
21-07-25,4.35,4.46,4.41,4.42,4.3,4.06,3.85,3.81,3.91,4.13,4.38,4.93,4.94,5.5622,4044.6,961.55,3.559,18.6617,0.859790068,0.74538001,148.4309998,1.535599979,0.801180005
18-07-25,4.35,4.46,4.4,4.42,4.3,4.08,3.88,3.84,3.96,4.18,4.44,4.99,5,5.5463,4016.95,966.78,3.565,18.7312,0.86091998,0.744459997,148.4420013,1.538890021,0.802879989
17-07-25,4.36,4.47,4.41,4.42,4.31,4.1,3.91,3.89,4.01,4.22,4.47,5.01,5.01,5.5734,4017.5,965.65,3.558,18.7569,0.859420018,0.745650996,148.003006,1.532566971,0.80092001
16-07-25,4.36,4.45,4.41,4.42,4.31,4.08,3.88,3.86,3.99,4.21,4.46,5.01,5.01,5.5719,4014,967.22,3.548,18.7274,0.861519982,0.746640007,148.7610016,1.533980004,0.801419973
15-07-25,4.36,4.46,4.42,4.43,4.33,4.12,3.95,3.93,4.05,4.26,4.5,5.02,5.01,5.55725,4028,967.22,3.559,18.8188,0.85716995,0.744710017,147.7920074,1.527950098,0.79786998
14-07-25,4.37,4.46,4.42,4.42,4.31,4.08,3.9,3.86,3.98,4.19,4.43,4.97,4.97,5.5592,3999.85,955.73,3.566,18.7293,0.856010019,0.741079967,147.2949982,1.520199997,0.796790004
11-07-25,4.37,4.47,4.41,4.42,4.31,4.09,3.9,3.86,3.99,4.19,4.43,4.96,4.96,5.5719,3996.25,950.43,3.554,18.6444,0.85450003,0.736400016,146.2879944,1.516530073,0.796720028
10-07-25,4.36,4.47,4.42,4.42,4.31,4.07,3.86,3.82,3.93,4.12,4.35,4.87,4.86,5.543,4011.6,948.33,3.545,18.6169,0.85242995,0.735669989,146.1139984,1.530009998,0.792930007
09-07-25,4.36,4.45,4.42,4.42,4.31,4.07,3.86,3.8,3.92,4.11,4.34,4.87,4.87,5.4623,4008,945.39,3.549,18.6284,0.852910019,0.736089978,146.848999,1.532680097,0.795870006
08-07-25,4.36,4.46,4.42,4.42,4.34,4.11,3.9,3.86,3.99,4.18,4.42,4.95,4.94,5.4568,4049.9,940.28,3.545,18.5943,0.852039984,0.734019991,145.8919983,1.537020021,0.797160029
07-07-25,4.37,4.45,4.42,4.41,4.33,4.08,3.9,3.85,3.96,4.16,4.4,4.93,4.92,5.4549,4042,932.34,3.563,18.6435,0.848840018,0.732519994,144.4980011,1.526299974,0.794040024
03-07-25,4.35,4.5,4.42,4.41,4.34,4.07,3.88,3.84,3.94,4.12,4.35,4.87,4.86,5.4205,3987,926.51,3.544,18.6629,0.847440029,0.73259996,143.526001,1.519086991,0.791499972
02-07-25,4.33,4.43,4.41,4.37,4.28,3.99,3.78,3.77,3.87,4.06,4.3,4.84,4.82,5.4509,3992.3,926.62,3.549,18.7681,0.847060002,0.727419985,143.4019928,1.519039952,0.790690005
01-07-25,4.32,4.42,4.4,4.35,4.29,3.98,3.78,3.75,3.84,4.03,4.26,4.79,4.78,5.4508,4026.2,933.42,3.56,18.7307,0.848380048,0.728299983,143.8000031,1.520199997,0.79272002
30-06-25,4.28,4.45,4.41,4.36,4.29,3.96,3.72,3.68,3.79,3.98,4.24,4.79,4.78,5.4568,4102,935.74,3.541,18.7654,0.852700036,0.728879957,144.5169983,1.530639957,0.79825002
27-06-25,4.19,4.49,4.39,4.36,4.26,3.97,3.73,3.72,3.83,4.03,4.29,4.85,4.85,5.4756,4102,930.67,3.549,18.8529,0.85527001,0.72861001,144.6940002,1.527580036,0.800890028
26-06-25,4.11,4.49,4.39,4.36,4.26,3.96,3.7,3.68,3.79,4,4.26,4.81,4.81,5.5142,4040,936.29,3.548,18.8623,0.855890016,0.730359982,144.904007,1.53301005,0.803730011
25-06-25,4.21,4.43,4.38,4.36,4.26,3.99,3.74,3.74,3.83,4.05,4.29,4.83,4.83,5.5424,4059.99,937.89,3.571,18.9244,0.861160022,0.734489992,144.9570007,1.539409081,0.805149972
24-06-25,4.21,4.44,4.38,4.37,4.27,3.99,3.75,3.75,3.86,4.06,4.3,4.83,4.83,5.4935,4078.5,950.16,3.578,18.993,0.862139958,0.738259961,145.9279938,1.543733981,0.812579989
23-06-25,4.2,4.52,4.38,4.37,4.28,4,3.84,3.8,3.91,4.1,4.34,4.87,4.87,5.521,4094,947.03,3.59,19.1453,0.869499979,0.744270033,146.223999,1.551180054,0.817749977
20-06-25,4.2,4.55,4.39,4.4,4.29,4.07,3.9,3.86,3.96,4.16,4.38,4.9,4.89,5.4954,4094,943.36,3.6,19.1683,0.868600014,0.742019993,145.2180023,1.541120104,0.816389978
18-06-25,4.2,4.58,4.42,4.41,4.33,4.1,3.94,3.89,3.98,4.17,4.38,4.89,4.88,5.4876,4068.5,939.29,3.578,19.0355,0.87088001,0.744600022,145.3760071,1.543257994,0.816869974
17-06-25,4.23,4.46,4.42,4.39,4.31,4.1,3.94,3.9,3.99,4.17,4.39,4.89,4.88,5.477,4101,935.21,3.61,19.0145,0.865700011,0.737159996,144.7290039,1.535862012,0.813709974
16-06-25,4.24,4.47,4.43,4.4,4.32,4.1,3.97,3.93,4.04,4.23,4.46,4.97,4.96,5.512,4106.5,937.78,3.605,18.9114,0.865300043,0.737625985,144.0910034,1.538462018,0.812215984
13-06-25,4.23,4.48,4.45,4.4,4.3,4.09,3.96,3.9,4.02,4.2,4.41,4.93,4.9,5.5649,4130,930.25,3.619,18.9396,0.862050032,0.733800011,143.1940002,1.53186297,0.809000015
12-06-25,4.18,4.49,4.46,4.4,4.29,4.06,3.9,3.85,3.97,4.15,4.36,4.86,4.84,5.5385,4157.91,936.36,3.608,18.921,0.868860017,0.73705999,144.2030029,1.536215983,0.818400025
11-06-25,4.3,4.39,4.45,4.39,4.31,4.08,3.94,3.89,4.02,4.21,4.41,4.93,4.91,5.5387,4182.99,938.88,3.622,18.9224,0.874319984,0.740290002,144.8379974,1.532049997,0.821919978
10-06-25,4.29,4.37,4.45,4.38,4.32,4.12,4.01,3.95,4.08,4.27,4.47,4.96,4.93,5.5554,4207,937.09,3.634,19.0668,0.87504003,0.737639996,144.5399933,1.534189013,0.821200013
09-06-25,4.29,4.36,4.44,4.38,4.32,4.13,4.01,3.99,4.09,4.28,4.49,4.98,4.95,5.5757,4146.99,933.91,3.633,19.0424,0.876590024,0.738650001,144.6909943,1.538409963,0.821259975
06-06-25,4.28,4.35,4.43,4.38,4.31,4.14,4.04,4.02,4.13,4.31,4.51,4.99,4.97,5.5944,4116,930.79,3.65,19.1054,0.873070042,0.736400016,143.5420074,1.535979985,0.819249988
05-06-25,4.26,4.35,4.44,4.37,4.29,4.08,3.92,3.9,3.99,4.18,4.4,4.9,4.88,5.5966,4114.8,936.89,3.626,19.1493,0.875500039,0.737889999,142.7319946,1.540670062,0.817969978
04-06-25,4.32,4.35,4.44,4.37,4.29,4.06,3.87,3.84,3.93,4.14,4.37,4.9,4.89,5.6329,4110.98,941.53,3.616,19.1997,0.87839002,0.73902001,143.8370056,1.546530073,0.822889984
03-06-25,4.33,4.35,4.43,4.38,4.31,4.12,3.96,3.93,4.04,4.23,4.46,5,4.98,5.6691,4106.9,939.65,3.622,19.2348,0.873099938,0.737639996,142.4519958,1.538840054,0.815940022
02-06-25,4.33,4.36,4.44,4.38,4.31,4.12,3.94,3.91,4.01,4.22,4.46,5,4.99,5.6934,4157.11,941.97,3.62,19.1998,0.880800004,0.742539997,143.8150024,1.552019936,0.822269976
30-05-25,4.33,4.35,4.36,4.39,4.36,4.11,3.89,3.87,3.96,4.18,4.41,4.93,4.92,5.7084,4157.11,937.37,3.618,19.3957,0.878860004,0.740796003,143.779007,1.551350023,0.821969986
29-05-25,4.34,4.35,4.36,4.39,4.36,4.13,3.92,3.91,4,4.2,4.43,4.94,4.92,5.6556,4123.9,940.21,3.622,19.3116,0.890180035,0.744519992,145.6970062,1.556370028,0.832549989
28-05-25,4.35,4.35,4.35,4.38,4.36,4.16,3.96,3.95,4.05,4.27,4.47,4.99,4.97,5.6933,4125.2,937.93,3.64,19.4145,0.882059951,0.740010037,144.177002,1.551079955,0.827260017
27-05-25,4.35,4.35,4.35,4.43,4.35,4.14,3.92,3.93,4.04,4.22,4.43,4.95,4.94,5.6536,4110.05,938.28,3.639,19.2683,0.878079979,0.737180013,142.6549988,1.542969875,0.820420027
23-05-25,4.36,4.35,4.36,4.43,4.35,4.15,4,3.96,4.08,4.29,4.51,5.03,5.04,5.6929,4152.9,944.84,3.661,19.2398,0.886379986,0.745199969,143.8580017,1.560109907,0.828379989
22-05-25,4.37,4.35,4.37,4.42,4.34,4.13,4,3.99,4.11,4.32,4.54,5.05,5.05,5.6387,4175,942.21,3.658,19.3121,0.882520037,0.745209966,143.7550049,1.554460067,0.825070024
21-05-25,4.35,4.34,4.36,4.42,4.33,4.13,4,4,4.15,4.37,4.58,5.08,5.08,5.6568,4178.1,936.69,3.675,19.3716,0.885900055,0.746390018,144.3280029,1.556178027,0.826712012
20-05-25,4.36,4.34,4.38,4.42,4.32,4.12,3.97,3.95,4.07,4.27,4.48,4.99,4.96,5.6617,4165.4,936.69,3.686,19.2757,0.890200062,0.748500008,144.9750061,1.548989998,0.834990025
19-05-25,4.37,4.35,4.39,4.42,4.32,4.12,3.97,3.95,4.07,4.26,4.46,4.95,4.92,5.6588,4174.3,944.46,3.69,19.3198,0.893850005,0.751568993,145.2980042,1.560062033,0.835449994
16-05-25,4.37,4.34,4.37,4.42,4.3,4.13,3.98,3.95,4.06,4.24,4.43,4.92,4.89,5.6922,4178.5,940.25,3.686,19.4746,0.893439976,0.751490016,145.6130066,1.561090064,0.834599972
15-05-25,4.37,4.35,4.38,4.43,4.29,4.1,3.96,3.95,4.07,4.25,4.45,4.93,4.91,5.6325,4204.75,939.43,3.686,19.5028,0.894299976,0.753949974,146.6499939,1.55550005,0.841232002
14-05-25,4.39,4.36,4.41,4.44,4.3,4.14,4.05,4.05,4.17,4.35,4.53,5,4.97,5.6097,4177,940.18,3.673,19.3892,0.894010045,0.751630004,147.5279999,1.544970049,0.839429975
13-05-25,4.39,4.35,4.41,4.45,4.29,4.11,4.02,4,4.12,4.3,4.49,4.97,4.94,5.6259,4220,941.2,3.666,19.3926,0.901259986,0.758850008,148.3099976,1.569420006,0.844869971
12-05-25,4.38,4.36,4.42,4.45,4.29,4.11,3.98,3.97,4.09,4.27,4.45,4.92,4.89,5.6819,4225.02,933.26,3.658,19.6039,0.890500005,0.752499988,145.8119965,1.557409967,0.833729982
09-05-25,4.37,4.34,4.34,4.4,4.28,4.05,3.88,3.85,4,4.18,4.37,4.86,4.83,5.6508,4225,941.22,3.652,19.4669,0.890929954,0.755550003,146.0149994,1.564309913,0.831799984
08-05-25,4.37,4.35,4.34,4.4,4.28,4.05,3.9,3.85,4,4.18,4.37,4.86,4.83,5.6857,4248,945.44,3.632,19.5373,0.884469999,0.75221004,143.8480072,1.554049991,0.823949993
07-05-25,4.37,4.33,4.34,4.39,4.27,4,3.78,3.72,3.87,4.06,4.26,4.78,4.77,5.73715,4283.33,939.67,3.644,19.605,0.881619986,0.748730027,143.0350037,1.536880066,0.825630009
06-05-25,4.37,4.33,4.33,4.38,4.25,3.98,3.78,3.73,3.9,4.1,4.3,4.82,4.81,5.7207,4305.95,940.18,3.653,19.6598,0.883909979,0.75230003,143.654007,1.547649977,0.821790993
05-05-25,4.38,4.34,4.33,4.4,4.27,4.02,3.83,3.78,3.95,4.14,4.36,4.84,4.83,5.6517,4301.2,940.95,3.664,19.6694,0.883140028,0.753469973,144.6239929,1.551450014,0.824100018
02-05-25,4.38,4.34,4.33,4.41,4.26,4,3.83,3.82,3.92,4.11,4.33,4.81,4.79,5.6391,4247,955.67,3.649,19.5985,0.885230034,0.75265001,145.447998,1.565729947,0.828980029
01-05-25,4.38,4.34,4.31,4.38,4.22,3.92,3.7,3.69,3.81,4.02,4.25,4.75,4.74,5.6605,4206,945.42,3.661,19.6136,0.883010067,0.750530021,143.0090027,1.559309942,0.82595998
30-04-25,4.35,4.36,4.31,4.37,4.19,3.85,3.6,3.58,3.72,3.93,4.17,4.68,4.66,5.6605,4206,945.42,3.661,19.6136,0.878019964,0.745667964,142.298996,1.565699993,0.823419988
29-04-25,4.35,4.36,4.31,4.3,4.2,3.89,3.65,3.65,3.77,3.96,4.19,4.66,4.64,5.6464,4184.01,937.54,3.666,19.5755,0.876490006,0.744259996,142.1779938,1.55550005,0.82119
28-04-25,4.35,4.37,4.32,4.32,4.22,3.92,3.67,3.67,3.81,4.01,4.23,4.71,4.69,5.6678,4217.1,936.74,3.668,19.5784,0.881589967,0.752439983,143.8410034,1.566400054,0.828400016
25-04-25,4.34,4.36,4.32,4.32,4.22,3.95,3.74,3.76,3.88,4.06,4.29,4.75,4.74,5.6843,4218,937.81,3.669,19.5223,0.879359988,0.750399974,142.8789978,1.561650084,0.828740001
24-04-25,4.34,4.37,4.32,4.32,4.22,3.97,3.77,3.8,3.91,4.11,4.32,4.79,4.77,5.6735,4264,938.02,3.671,19.5809,0.882820029,0.753890008,143.2230072,1.571019966,0.82980001
23-04-25,4.33,4.34,4.33,4.33,4.22,4.01,3.81,3.87,4,4.2,4.4,4.86,4.83,5.6877,4304.75,950.04,3.689,19.6502,0.88096003,0.753400001,142.6880035,1.568332011,0.826070011
22-04-25,4.33,4.35,4.33,4.33,4.21,3.98,3.76,3.82,3.98,4.19,4.41,4.9,4.88,5.7493,4292,961.14,3.697,19.653,0.868600014,0.747399971,140.8760071,1.557150069,0.809050024
21-04-25,4.35,4.37,4.34,4.33,4.21,3.95,3.75,3.77,3.97,4.19,4.42,4.94,4.91,5.8556,4283,968.71,3.707,19.7141,0.877439994,0.75563004,141.9279938,1.569119982,0.813750029
18-04-25,4.36,4.38,4.34,4.35,4.22,3.99,3.81,3.82,3.95,4.13,4.34,4.82,4.8,5.8556,4302,969.23,3.727,19.9622,0.877439994,0.75563004,141.9279938,1.569119982,0.813750029
17-04-25,4.35,4.35,4.33,4.34,4.2,3.96,3.77,3.77,3.91,4.08,4.29,4.77,4.74,5.8556,4302,969.23,3.727,19.9622,0.877439994,0.75563004,141.9279938,1.569119982,0.813750029
16-04-25,4.35,4.36,4.33,4.32,4.21,3.99,3.84,3.85,3.98,4.15,4.35,4.82,4.79,5.8805,4302,967.15,3.727,19.9622,0.885530002,0.755800039,143.1809998,1.577810089,0.820770025
15-04-25,4.34,4.37,4.33,4.34,4.21,3.99,3.84,3.87,4.02,4.2,4.38,4.84,4.8,5.8704,4358,966.07,3.741,20.1235,0.881860031,0.759040002,143.220993,1.582299897,0.81595999
14-04-25,4.37,4.38,4.34,4.35,4.21,4.04,3.96,3.98,4.15,4.32,4.48,4.91,4.85,5.8422,4300,978.09,3.738,20.1029,0.881589967,0.76421997,143.6959991,1.586969931,0.818059981
11-04-25,4.36,4.39,4.34,4.33,4.17,3.97,3.84,3.85,4.04,4.21,4.4,4.9,4.86,5.8734,4275,988.97,3.73,20.2935,0.88827002,0.76970002,143.746994,1.60684003,0.820760012
10-04-25,4.36,4.37,4.35,4.36,4.23,4.03,3.91,3.91,4.06,4.2,4.34,4.78,4.72,5.9112,4337,1000.01,3.73,20.4396,0.913070018,0.779699973,147.3990021,1.630359969,0.855449975
09-04-25,4.36,4.37,4.31,4.3,4.14,3.83,3.71,3.71,3.88,4.05,4.26,4.76,4.71,6.0602,4320,993.89,3.696,20.2818,0.91070999,0.781799957,145.8450012,1.679179968,0.845659971
08-04-25,4.36,4.36,4.29,4.28,4.14,3.86,3.73,3.72,3.82,3.97,4.15,4.61,4.58,5.9365,4427,990.68,3.745,20.8083,0.916140054,0.785239981,147.7890015,1.667329966,0.859709978
07-04-25,4.36,4.36,4.28,4.25,4.14,3.86,3.68,3.66,3.72,3.84,4.01,4.44,4.41,5.8874,4386,975.82,3.718,20.6889,0.910369999,0.774549992,145.4329987,1.670089957,0.851610005
04-04-25,4.36,4.38,4.31,4.29,4.2,3.92,3.71,3.68,3.75,3.88,4.06,4.51,4.49,5.7774,4272.1,946.59,3.68,20.465,0.905490015,0.764019999,146.2310028,1.581400101,0.859210014
03-04-25,4.38,4.34,4.32,4.32,4.24,4.04,3.91,3.89,3.95,4.07,4.2,4.58,4.54,5.60645,4157.5,949.83,3.667,19.9434,0.916699997,0.766499982,147.871994,1.596246011,0.876789987
02-04-25,4.38,4.35,4.32,4.3,4.23,4.01,3.87,3.85,3.91,4.03,4.17,4.56,4.52,5.69205,4154,946.28,3.67,20.4556,0.926270031,0.773809998,149.7830048,1.589930111,0.883400023
01-04-25,4.38,4.35,4.32,4.31,4.23,4.03,3.89,3.89,3.96,4.09,4.23,4.62,4.59,5.7048,4147.45,953.07,3.674,20.3331,0.924310027,0.773940004,149.9129944,1.602080032,0.883819997
31-03-25,4.38,4.35,4.33,4.3,4.26,4.04,3.89,3.91,3.98,4.11,4.27,4.65,4.64,5.7419,4181.3,946.1,3.676,20.4604,0.923880028,0.772899971,149.6170044,1.591619898,0.880850017
28-03-25,4.37,4.36,4.33,4.31,4.27,4.1,3.97,4,4.09,4.23,4.38,4.75,4.73,5.7657,4200,931.75,3.657,20.4169,0.925840047,0.772079974,150.8470001,1.586899982,0.881399989
27-03-25,4.36,4.33,4.33,4.31,4.26,4.1,3.98,4.01,4.08,4.22,4.35,4.71,4.69,5.7471,4172,920.98,3.639,20.3044,0.930920041,0.776539973,150.4730072,1.590579929,0.884159982
26-03-25,4.36,4.33,4.33,4.3,4.26,4.09,3.96,3.98,4.07,4.19,4.31,4.67,4.65,5.7295,4130,919.92,3.637,20.137,0.926999956,0.772599997,149.9499969,1.585037035,0.882650018
25-03-25,4.35,4.34,4.33,4.3,4.27,4.11,4.04,4.01,4.09,4.22,4.34,4.68,4.66,5.6989,4105,926.41,3.632,20.07,0.925619995,0.77373998,150.7740021,1.590860007,0.882690012
24-03-25,4.36,4.33,4.33,4.29,4.26,4.04,3.94,3.92,4,4.12,4.25,4.6,4.59,5.74,4144,932.14,3.648,20.0587,0.922870028,0.773719998,149.677002,1.590250055,0.882920027
21-03-25,4.36,4.34,4.33,4.29,4.27,4.06,3.95,3.93,4.01,4.12,4.24,4.57,4.55,5.7238,4144,926.15,3.633,20.2405,0.921090005,0.771130057,148.595993,1.586320059,0.881376982
20-03-25,4.37,4.32,4.33,4.3,4.29,4.1,3.99,3.95,4.03,4.14,4.25,4.58,4.56,5.6625,4170,917.76,3.624,20.1481,0.916430001,0.7686,148.4900055,1.571309974,0.876399994
19-03-25,4.37,4.33,4.34,4.29,4.29,4.13,4.04,4.01,4.07,4.18,4.29,4.61,4.58,5.6654,4163.33,917.97,3.619,20.054,0.914120028,0.769200044,149.4519958,1.57202994,0.876744986
18-03-25,4.37,4.33,4.34,4.3,4.29,4.11,4.06,4.03,4.11,4.21,4.31,4.64,4.6,5.6849,4118,923.32,3.624,19.9348,0.915819993,0.770100031,149.3789978,1.566910036,0.881201982
17-03-25,4.37,4.33,4.33,4.3,4.29,4.09,4.02,4,4.09,4.2,4.31,4.65,4.62,5.7079,4073.9,932.36,3.641,19.9238,0.919009956,0.773359993,148.5980072,1.58072991,0.884090006
14-03-25,4.37,4.34,4.34,4.28,4.27,4.03,3.94,3.93,4.02,4.15,4.27,4.63,4.59,5.7416,4100.55,940.2,3.656,19.9238,0.921180026,0.771700053,147.9490051,1.590479957,0.882619977
13-03-25,4.36,4.34,4.35,4.3,4.27,4.07,4.01,3.98,4.09,4.2,4.32,4.67,4.63,5.8128,4125,932.28,3.668,20.0951,0.918590003,0.77135001,148.279007,1.580379991,0.881770015
12-03-25,4.37,4.33,4.34,4.28,4.26,4.03,3.94,3.92,4.03,4.16,4.28,4.63,4.59,5.8265,4105,937.45,3.661,20.1797,0.916240018,0.772509994,148.0420074,1.588490076,0.883440018
11-03-25,4.37,4.34,4.33,4.28,4.25,3.98,3.89,3.91,3.98,4.1,4.22,4.58,4.54,5.83435,4130,931.13,3.662,20.2582,0.92255996,0.776669962,147.0690002,1.592479969,0.879980028
10-03-25,4.38,4.33,4.34,4.29,4.29,4.05,3.99,4.01,4.09,4.21,4.32,4.66,4.62,5.7927,4176.07,928.25,3.669,20.3623,0.920760009,0.773249997,147.6080017,1.586320059,0.877340019
07-03-25,4.38,4.34,4.34,4.28,4.27,4.02,3.96,3.98,4.06,4.18,4.29,4.63,4.58,5.7685,4130,926.52,3.653,20.2672,0.926960006,0.776077956,148.1080017,1.579210006,0.883319974
06-03-25,4.38,4.36,4.35,4.3,4.3,4.06,3.99,4.01,4.08,4.18,4.28,4.61,4.57,5.7486,4101,936.7,3.653,20.2657,0.926360045,0.775680032,148.897995,1.577759937,0.890690029
05-03-25,4.39,4.37,4.34,4.31,4.28,4.04,3.96,3.94,4.01,4.11,4.22,4.56,4.53,5.7911,4111,948.87,3.65,20.3568,0.940999945,0.781600002,149.798996,1.594900036,0.889639974
04-03-25,4.38,4.37,4.35,4.31,4.31,4.06,3.96,3.93,3.97,4.06,4.16,4.49,4.45,5.8485,4161.5,953.11,3.669,20.7431,0.953740026,0.787310023,149.3049927,1.60880012,0.896600008
03-03-25,4.38,4.38,4.32,4.32,4.25,4.08,3.99,3.99,4.03,4.14,4.24,4.55,4.51,5.8485,4109,954.22,3.69,20.7176,0.960259934,0.793400011,150.7709961,1.607539943,0.902570009
28-02-25,4.38,4.38,4.32,4.32,4.28,4.13,4.07,4.05,4.09,4.19,4.29,4.59,4.56,5.8485,4153.01,951.21,3.69,20.5782,0.961990042,0.793720037,150.0119934,1.604570054,0.899919987
27-02-25,4.35,4.37,4.31,4.32,4.28,4.12,4.05,4.04,4.06,4.16,4.25,4.55,4.51,5.8225,4132,941.76,3.674,20.4687,0.953399986,0.788500014,148.8379974,1.584590016,0.894299984
26-02-25,4.34,4.37,4.3,4.33,4.28,4.12,4.07,4.08,4.12,4.21,4.3,4.59,4.55,5.7754,4104.4,940.99,3.661,20.4268,0.950200011,0.788990004,149.0780029,1.57408997,0.892400026
25-02-25,4.36,4.37,4.31,4.34,4.3,4.15,4.13,4.17,4.23,4.32,4.4,4.69,4.66,5.7776,4129,946.96,3.678,20.4568,0.955900056,0.792529973,149.8639984,1.577759937,0.897300005
24-02-25,4.36,4.38,4.32,4.34,4.3,4.15,4.19,4.19,4.26,4.35,4.42,4.69,4.67,5.7255,4117.5,942.52,3.683,20.4272,0.954670004,0.790520026,149.3869934,1.569779922,0.898450017
21-02-25,4.37,4.38,4.33,4.35,4.33,4.2,4.28,4.27,4.34,4.43,4.5,4.77,4.74,5.7024,4083,944.65,3.685,20.4131,0.952329963,0.789240983,149.4080048,1.56149994,0.898060024
20-02-25,4.38,4.38,4.34,4.35,4.34,4.22,4.28,4.3,4.37,4.46,4.53,4.79,4.76,5.7016,4076.94,951.78,3.672,20.3129,0.959599971,0.794650047,151.2200012,1.576969937,0.90456003
19-02-25,4.38,4.38,4.34,4.37,4.34,4.24,4.29,4.33,4.4,4.48,4.55,4.83,4.77,5.7084,4100,950.43,3.691,20.4465,0.957090036,0.792029969,151.9309998,1.574030012,0.903599977
18-02-25,4.37,4.38,4.34,4.35,4.32,4.23,4.26,4.26,4.33,4.41,4.47,4.75,4.69,5.6976,4090,947.13,3.683,20.2732,0.95370999,0.792300022,151.4440002,1.573289919,0.90072
14-02-25,4.37,4.39,4.34,4.35,4.33,4.27,4.31,4.31,4.39,4.46,4.52,4.79,4.72,5.728,4121.25,949.52,3.699,20.304,0.955869993,0.795959989,152.9889984,1.583049987,0.903249979
13-02-25,4.38,4.39,4.35,4.36,4.33,4.3,4.36,4.37,4.48,4.56,4.62,4.9,4.83,5.7785,4136,956.63,3.715,20.478,0.962279938,0.803170013,154.2550049,1.591599967,0.913399994
12-02-25,4.38,4.4,4.35,4.37,4.31,4.25,4.29,4.28,4.37,4.45,4.54,4.8,4.75,5.7708,4164.82,961.89,3.715,20.5093,0.964790017,0.803110036,152.7389984,1.587730015,0.912989974
11-02-25,4.38,4.4,4.35,4.37,4.31,4.24,4.28,4.3,4.34,4.42,4.51,4.76,4.71,5.7785,4139.3,960.81,3.711,20.5392,0.970730006,0.809020016,151.7590027,1.594570035,0.911329985
10-02-25,4.37,4.38,4.35,4.37,4.3,4.25,4.29,4.31,4.34,4.42,4.49,4.75,4.69,5.7805,4140.35,960.6,3.71,20.5979,0.969780038,0.806999957,151.845993,1.597725102,0.910740018
07-02-25,4.37,4.38,4.34,4.36,4.28,4.19,4.21,4.23,4.28,4.36,4.45,4.7,4.65,5.7554,4125.5,967.59,3.717,20.545,0.962860033,0.804019962,151.1929932,1.59190004,0.905099988
06-02-25,4.35,4.37,4.33,4.35,4.27,4.17,4.17,4.19,4.24,4.33,4.43,4.69,4.64,5.7853,4136.6,969.47,3.716,20.4612,0.96146003,0.799739998,152.6060028,1.590969984,0.901329994
05-02-25,4.36,4.38,4.33,4.35,4.27,4.18,4.21,4.25,4.31,4.42,4.52,4.81,4.75,5.7994,4175,977.58,3.716,20.556,0.964059994,0.801399998,154.1329956,1.59972005,0.905239999
04-02-25,4.37,4.38,4.34,4.35,4.28,4.2,4.26,4.28,4.35,4.45,4.54,4.82,4.77,5.7924,4160,987.12,3.711,20.556,0.968299941,0.804390033,155.2769928,1.608390018,0.911610007
03-02-25,4.37,4.37,4.31,4.33,4.28,4.17,4.22,4.27,4.36,4.47,4.58,4.88,4.83,5.8684,4164,984.22,3.705,20.6871,0.975819961,0.813540018,155.3630066,1.627549932,0.915229976
31-01-25,4.37,4.38,4.3,4.33,4.27,4.16,4.18,4.24,4.31,4.41,4.52,4.81,4.76,5.8298,4210.9,988.1,3.727,20.6871,0.961790075,0.804899977,154.0970001,1.609009956,0.909368992
30-01-25,4.43,4.34,4.31,4.34,4.27,4.17,4.21,4.27,4.35,4.44,4.55,4.85,4.79,5.9003,4155,990.94,3.72,20.4273,0.959210001,0.802870984,155.1699982,1.602619945,0.906270027
29-01-25,4.44,4.35,4.31,4.3,4.26,4.14,4.19,4.25,4.33,4.43,4.55,4.84,4.78,5.8593,4167,992.07,3.714,20.537,0.958860022,0.803749948,155.5590057,1.598830049,0.904129982
28-01-25,4.44,4.36,4.32,4.3,4.25,4.13,4.17,4.24,4.32,4.43,4.53,4.82,4.76,5.8927,4219,985.64,3.734,20.5402,0.957389989,0.802530025,154.9089966,1.596475068,0.904009998
27-01-25,4.45,4.36,4.35,4.32,4.25,4.17,4.27,4.33,4.43,4.53,4.63,4.91,4.85,5.9269,4196,982.95,3.743,20.7278,0.955330055,0.802609958,155.7440033,1.589089949,0.906840026
24-01-25,4.45,4.36,4.36,4.32,4.27,4.18,4.29,4.35,4.45,4.55,4.65,4.92,4.87,5.8922,4176,989.83,3.719,20.2856,0.960060026,0.809459999,156.1549988,1.59152991,0.907490015
23-01-25,4.42,4.35,4.36,4.32,4.28,4.2,4.29,4.34,4.43,4.51,4.6,4.89,4.82,5.9396,4231.3,995.22,3.716,20.3228,0.960600045,0.812070041,156.4400024,1.593624899,0.906310022
22-01-25,4.42,4.35,4.36,4.33,4.28,4.21,4.29,4.33,4.4,4.49,4.57,4.87,4.8,5.9671,4266.9,1002.14,3.719,20.4762,0.960990046,0.810675008,155.7740021,1.596930035,0.906710029
21-01-25,4.43,4.35,4.34,4.32,4.28,4.21,4.27,4.33,4.42,4.52,4.61,4.91,4.84,6.0437,4306,1001.93,3.729,20.6457,0.95963005,0.810940053,155.2489929,1.592103073,0.90605998
17-01-25,4.43,4.36,4.34,4.32,4.26,4.18,4.23,4.29,4.39,4.5,4.61,4.91,4.84,6.0606,4335.65,1010.68,3.741,20.7753,0.970690017,0.817200015,155.3560028,1.61022793,0.911170006
16-01-25,4.4,4.34,4.35,4.32,4.26,4.19,4.27,4.34,4.45,4.55,4.66,4.95,4.88,6.0319,4346,1001.93,3.757,20.8187,0.97132,0.816770029,156.2550049,1.603746085,0.912119985
15-01-25,4.42,4.35,4.36,4.33,4.29,4.22,4.37,4.46,4.59,4.7,4.78,5.06,4.98,6.0374,4309.47,1004.67,3.763,20.4915,0.970229933,0.818769986,158.0500031,1.615090024,0.912460029
14-01-25,4.42,4.36,4.37,4.34,4.3,4.24,4.4,4.49,4.61,4.71,4.79,5.05,4.97,6.0668,4292,1012.76,3.772,20.5311,0.974160037,0.81743995,157.3639984,1.614960986,0.915780008
13-01-25,4.42,4.35,4.36,4.33,4.27,4.25,4.4,4.46,4.59,4.7,4.77,5.04,4.96,6.1076,4306,1009.2,3.78,20.7235,0.976140062,0.819340024,157.8869934,1.624700003,0.916769981
10-01-25,4.44,4.36,4.35,4.31,4.24,4.16,4.27,4.31,4.46,4.57,4.68,4.98,4.92,6.0962,4343.43,1003.92,3.771,20.7052,0.971099947,0.81304996,158.0480042,1.615586934,0.912069976
08-01-25,4.41,4.34,4.35,4.31,4.25,4.19,4.28,4.31,4.45,4.56,4.67,4.97,4.91,6.1318,4325.5,1005.85,3.774,20.4164,0.966599984,0.801419981,158.2359924,1.603869964,0.909449995
07-01-25,4.42,4.35,4.35,4.31,4.24,4.19,4.3,4.33,4.46,4.57,4.67,4.97,4.91,6.0738,4338,1010.98,3.776,20.2952,0.962800025,0.799300006,157.7429962,1.602794943,0.905040026
06-01-25,4.43,4.36,4.35,4.31,4.24,4.17,4.28,4.3,4.42,4.52,4.62,4.91,4.85,6.1116,4344,1011.82,3.76,20.3096,0.97037,0.804709956,157.4810028,1.607689981,0.909309983
03-01-25,4.44,4.35,4.34,4.31,4.25,4.18,4.28,4.32,4.41,4.51,4.6,4.88,4.82,6.156,4344,999.84,3.767,20.6724,0.973880012,0.807739953,157.3619995,1.612694996,0.912010014
02-01-25,4.45,4.36,4.36,4.31,4.25,4.17,4.25,4.29,4.38,4.47,4.57,4.86,4.79,6.2083,4378,996.46,3.753,20.6185,0.966009924,0.798769976,157.7189941,1.614413038,0.90775001
31-12-24,4.4,4.39,4.37,4.32,4.24,4.16,4.25,4.27,4.38,4.48,4.58,4.86,4.78,6.192,4405,992.12,3.757,20.8829,0.96097001,0.796869976,156.9949951,1.607717096,0.903240025
30-12-24,4.43,4.42,4.37,4.33,4.25,4.17,4.24,4.29,4.37,4.46,4.55,4.84,4.77,6.192,4405,992.12,3.757,20.6579,0.958829992,0.794987959,157.8730011,1.60640001,0.901839972
27-12-24,4.44,4.43,4.31,4.35,4.29,4.2,4.31,4.36,4.45,4.53,4.62,4.89,4.82,6.1988,4410,990.95,3.747,20.3192,0.959400009,0.798099997,157.7480011,1.606940068,0.898899972
26-12-24,4.45,4.45,4.35,4.37,4.31,4.23,4.3,4.35,4.42,4.49,4.58,4.83,4.76,6.1653,4393.93,989.07,3.74,20.2083,0.96157994,0.797210005,157.1329956,1.601390062,0.899420023
24-12-24,4.44,4.44,4.4,4.38,4.3,4.24,4.29,4.36,4.43,4.52,4.59,4.84,4.76,6.1534,4375,992.78,3.73,20.1962,0.961000064,0.797800027,157.1649933,1.601300036,0.898469985
23-12-24,4.44,4.44,4.36,4.37,4.3,4.26,4.3,4.36,4.44,4.52,4.59,4.85,4.78,6.1609,4419.5,991.18,3.723,20.224,0.958490037,0.795550023,156.5330048,1.599259986,0.893050015
20-12-24,4.43,4.42,4.34,4.35,4.29,4.27,4.3,4.32,4.37,4.45,4.52,4.79,4.72,6.0777,4385,996.35,3.729,20.0342,0.964790017,0.800130026,157.6439972,1.604107042,0.898989975
19-12-24,4.42,4.42,4.35,4.35,4.29,4.28,4.32,4.35,4.43,4.51,4.57,4.82,4.74,6.1838,4378.5,988.44,3.718,20.2984,0.966160015,0.795690002,154.6730042,1.611292057,0.90170002
18-12-24,4.44,4.43,4.36,4.36,4.3,4.3,4.35,4.35,4.4,4.45,4.5,4.74,4.65,6.1621,4376.85,990.87,3.733,20.372,0.95283004,0.786730023,153.5720062,1.577000028,0.892480016
17-12-24,4.46,4.44,4.38,4.36,4.3,4.25,4.25,4.22,4.26,4.33,4.4,4.68,4.59,6.1682,4346,989.93,3.738,20.2214,0.950810028,0.787999972,154.0859985,1.568282899,0.894039989
16-12-24,4.43,4.44,4.37,4.36,4.3,4.24,4.25,4.22,4.25,4.32,4.39,4.68,4.6,6.05065,4325.5,983.25,3.736,20.1255,0.951470038,0.791929999,153.4530029,1.570569937,0.891744018
13-12-24,4.43,4.43,4.34,4.36,4.32,4.24,4.25,4.21,4.25,4.33,4.4,4.69,4.61,6.0397,4317.4,975.67,3.728,20.1281,0.954739978,0.788810016,152.5870056,1.56862704,0.892009974
12-12-24,4.43,4.44,4.35,4.36,4.31,4.22,4.18,4.14,4.18,4.25,4.32,4.62,4.55,5.9405,4347.94,975.81,3.737,20.1108,0.951759999,0.78331002,152.2449951,1.566439981,0.883210003
11-12-24,4.49,4.45,4.38,4.38,4.32,4.21,4.15,4.09,4.13,4.2,4.26,4.55,4.48,6.0317,4344.99,972.43,3.726,20.1108,0.949400013,0.782469988,151.8070068,1.568380979,0.882499993
10-12-24,4.53,4.48,4.41,4.42,4.35,4.22,4.15,4.08,4.09,4.15,4.22,4.49,4.41,6.0526,4371.6,969.92,3.71,20.171,0.947399961,0.784369989,151.4080048,1.553300088,0.878589988
09-12-24,4.56,4.5,4.42,4.43,4.34,4.2,4.13,4.09,4.07,4.13,4.2,4.47,4.39,6.0567,4369,971.62,3.716,20.2004,0.946480028,0.784357008,150.0299988,1.562519971,0.878669977
06-12-24,4.57,4.5,4.42,4.42,4.34,4.19,4.1,4.05,4.03,4.09,4.15,4.42,4.34,6.029,4407.44,971.65,3.716,20.1793,0.944679978,0.783739976,150.2070007,1.550411999,0.878419995
05-12-24,4.59,4.53,4.46,4.46,4.38,4.23,4.15,4.1,4.07,4.12,4.17,4.43,4.33,5.9846,4415.5,974.37,3.724,20.2043,0.951100018,0.787329974,150.5670013,1.554499963,0.883750021
04-12-24,4.65,4.54,4.47,4.46,4.38,4.23,4.13,4.09,4.07,4.13,4.19,4.45,4.35,6.0578,4415,972.75,3.738,20.3001,0.951400004,0.788999948,149.6470032,1.541900092,0.886399984
03-12-24,4.66,4.56,4.49,4.48,4.4,4.27,4.17,4.13,4.11,4.17,4.23,4.5,4.4,6.0704,4440.5,979.1,3.736,20.3418,0.952269963,0.789979998,149.5079956,1.544329946,0.88628
02-12-24,4.75,4.63,4.51,4.51,4.43,4.3,4.17,4.11,4.08,4.13,4.19,4.46,4.36,6.0631,4460.9,977.66,3.755,20.3926,0.948309998,0.787299974,149.897995,1.537890026,0.88202697
29-11-24,4.76,4.69,4.58,4.52,4.42,4.3,4.13,4.1,4.05,4.1,4.18,4.45,4.36,6.0532,4434.98,977.32,3.759,20.3611,0.946699961,0.787600011,151.173996,1.536711986,0.882340014
27-11-24,4.76,4.7,4.6,4.54,4.43,4.34,4.19,4.17,4.11,4.17,4.25,4.52,4.44,5.8288,4383,975.06,3.752,20.6147,0.953179962,0.795299993,153.0090027,1.544360084,0.886269987
26-11-24,4.74,4.67,4.61,4.52,4.45,4.37,4.21,4.21,4.17,4.24,4.3,4.56,4.48,5.7987,4401.1,976.89,3.763,20.6894,0.957460034,0.797890025,154.378006,1.547077981,0.888800025
25-11-24,4.74,4.67,4.62,4.52,4.46,4.37,4.21,4.21,4.17,4.21,4.27,4.53,4.45,5.7999,4384.1,982.08,3.773,20.2833,0.954209999,0.79404002,154.1459961,1.529080036,0.890470028
22-11-24,4.72,4.67,4.63,4.53,4.46,4.42,4.37,4.32,4.3,4.35,4.41,4.67,4.6,5.8121,4415.97,971.29,3.787,20.4919,0.955169932,0.794610002,154.2180023,1.536030047,0.886900008
21-11-24,4.72,4.67,4.63,4.52,4.45,4.39,4.34,4.3,4.3,4.36,4.43,4.68,4.61,5.817,4394.8,972.68,3.79,20.4401,0.948209988,0.790180021,155.2949982,1.535155121,0.883650005
20-11-24,4.68,4.63,4.62,4.52,4.44,4.37,4.31,4.26,4.28,4.34,4.41,4.66,4.59,5.774,4400,973.21,3.798,20.3223,0.942719977,0.787740018,154.7180023,1.528700929,0.882070005
19-11-24,4.67,4.63,4.62,4.51,4.44,4.34,4.27,4.24,4.25,4.32,4.39,4.66,4.57,5.774,4390.2,976.86,3.794,20.1136,0.943849949,0.788689945,154.6170044,1.537065927,0.88319999
18-11-24,4.7,4.65,4.63,4.52,4.44,4.33,4.29,4.25,4.28,4.35,4.42,4.7,4.61,5.76,4403.85,974.51,3.794,20.3811,0.949329961,0.792540007,154.6640015,1.547170003,0.888670027
15-11-24,4.7,4.67,4.6,4.52,4.44,4.34,4.31,4.27,4.3,4.36,4.43,4.7,4.6,5.7882,4430,975.44,3.8,20.3811,0.949660007,0.789399996,156.4680023,1.549067086,0.890439987
14-11-24,4.7,4.68,4.61,4.53,4.43,4.36,4.34,4.3,4.32,4.38,4.43,4.69,4.58,5.7882,4485.5,981.61,3.797,20.4261,0.946599969,0.786980009,155.4290009,1.540190024,0.885770023
13-11-24,4.69,4.67,4.6,4.5,4.4,4.31,4.27,4.25,4.3,4.38,4.44,4.73,4.63,5.771,4478,983.76,3.81,20.5149,0.941909992,0.784980008,154.6549988,1.53153393,0.882160008
12-11-24,4.7,4.7,4.63,4.54,4.45,4.38,4.34,4.29,4.32,4.38,4.43,4.7,4.58,5.7691,4454,980.47,3.795,20.6702,0.937700007,0.776700022,153.4799957,1.520310064,0.880270004
08-11-24,4.7,4.69,4.63,4.53,4.42,4.32,4.26,4.18,4.2,4.25,4.3,4.58,4.47,5.7645,4359.45,950.99,3.764,20.1948,0.926339995,0.770279999,153.1799927,1.497720061,0.872780025
07-11-24,4.69,4.69,4.63,4.52,4.4,4.28,4.21,4.13,4.17,4.25,4.31,4.62,4.52,5.6621,4305,968.6,3.75,19.867,0.931699948,0.776199962,154.3200073,1.52276503,0.875699997
06-11-24,4.68,4.71,4.64,4.54,4.41,4.31,4.27,4.2,4.27,4.37,4.42,4.71,4.6,5.7645,4413.9,954.9,3.776,20.166,0.91453999,0.766659983,151.4349976,1.505683958,0.862410009
05-11-24,4.72,4.72,4.64,4.49,4.39,4.27,4.19,4.11,4.16,4.22,4.26,4.55,4.44,5.7843,4405.35,956.54,3.772,20.0788,0.919619988,0.771929992,152.276001,1.518810026,0.864170015
04-11-24,4.75,4.74,4.65,4.51,4.39,4.25,4.17,4.1,4.17,4.24,4.31,4.6,4.5,5.7895,4433.3,961.29,3.772,20.1512,0.919579966,0.771997978,152.2870026,1.517010014,0.867600024
01-11-24,4.75,4.74,4.61,4.53,4.42,4.28,4.21,4.18,4.22,4.3,4.37,4.68,4.57,5.807,4433.3,950.89,3.773,20.2768,0.918600062,0.775330025,151.9799957,1.520496072,0.863539994
31-10-24,4.76,4.76,4.64,4.56,4.43,4.27,4.16,4.12,4.15,4.21,4.28,4.58,4.47,5.7776,4423.5,950.89,3.773,20.0109,0.920879989,0.771629991,153.2039948,1.521421966,0.866299987
30-10-24,4.87,4.77,4.67,4.57,4.44,4.28,4.15,4.14,4.14,4.2,4.29,4.6,4.49,5.7798,4418.45,950.89,3.765,20.1695,0.924160032,0.768399982,153.2740021,1.523692998,0.867219985
29-10-24,4.88,4.77,4.7,4.64,4.45,4.29,4.11,4.08,4.11,4.18,4.28,4.61,4.52,5.7137,4394.5,945.88,3.77,20.0845,0.924490024,0.770730037,153.1790009,1.519139948,0.864859998
28-10-24,4.88,4.77,4.7,4.65,4.46,4.28,4.12,4.09,4.11,4.19,4.28,4.61,4.53,5.6985,4337,949.34,3.763,20.0317,0.92622002,0.771709992,152.9519958,1.514369992,0.86846
25-10-24,4.89,4.79,4.73,4.68,4.51,4.29,4.11,4.05,4.07,4.15,4.25,4.58,4.51,5.6966,4332,945.29,3.768,19.9684,0.923859983,0.770809994,151.7830048,1.5067,0.865869999
24-10-24,4.87,4.78,4.7,4.65,4.48,4.25,4.07,4.02,4.03,4.12,4.21,4.54,4.47,5.7084,4300.5,948.2,3.751,19.851,0.927600028,0.774370025,152.7689972,1.506931959,0.866739988
23-10-24,4.88,4.8,4.73,4.66,4.48,4.27,4.07,4.03,4.05,4.14,4.24,4.58,4.51,5.7146,4324.4,949,3.753,19.8234,0.926159993,0.77025001,151.1380005,1.495663061,0.865530014
22-10-24,4.89,4.81,4.72,4.66,4.47,4.24,4.03,3.98,4,4.1,4.2,4.55,4.49,5.6955,4267.99,954.39,3.75,19.9478,0.924399966,0.770240038,150.6049957,1.503060014,0.86540997
21-10-24,4.92,4.82,4.73,4.66,4.47,4.24,4.02,3.95,3.98,4.07,4.19,4.54,4.49,5.7065,4275.5,946.99,3.765,19.9758,0.920080037,0.76612994,149.6000061,1.488800023,0.864929974
18-10-24,4.92,4.82,4.73,4.65,4.45,4.19,3.95,3.86,3.88,3.97,4.08,4.44,4.38,5.6669,4272.4,945.01,3.754,19.886,0.92340001,0.768299976,150.1000061,1.492599951,0.865930021
17-10-24,4.93,4.83,4.74,4.65,4.45,4.21,3.96,3.89,3.9,3.99,4.09,4.44,4.39,5.6755,4250,941.3,3.756,19.8807,0.920599949,0.769809998,149.576004,1.500399979,0.8653
16-10-24,4.91,4.8,4.72,4.63,4.42,4.17,3.93,3.84,3.84,3.92,4.02,4.36,4.3,5.6746,4265,937.29,3.766,19.9406,0.918769993,0.765350004,149.098999,1.496539993,0.862540007
15-10-24,4.93,4.82,4.73,4.65,4.42,4.18,3.95,3.86,3.86,3.93,4.03,4.37,4.32,5.6375,4246.55,928.37,3.764,19.6982,0.916660028,0.765260006,149.6699982,1.486767962,0.862100005
11-10-24,4.97,4.82,4.73,4.65,4.44,4.18,3.95,3.85,3.88,3.97,4.08,4.44,4.39,5.626,4211.43,931.26,3.753,19.287,0.914590045,0.765569956,148.7039948,1.483459992,0.856549978
10-10-24,4.98,4.84,4.75,4.65,4.45,4.22,3.98,3.88,3.91,3.99,4.09,4.44,4.38,5.5816,4202,934.84,3.769,19.4939,0.913799983,0.765209954,149.1600037,1.488670958,0.860469997
09-10-24,4.93,4.84,4.75,4.65,4.46,4.24,3.99,3.89,3.91,3.97,4.06,4.41,4.34,5.5734,4235,933.62,3.764,19.4902,0.911100006,0.763659993,148.1589966,1.483768041,0.8574
08-10-24,4.96,4.85,4.75,4.65,4.44,4.21,3.98,3.86,3.86,3.94,4.04,4.38,4.32,5.5194,4226.51,925.86,3.742,19.3435,0.911100006,0.764249979,148.1459961,1.480165926,0.854579985
07-10-24,5,4.87,4.77,4.67,4.45,4.24,3.99,3.89,3.86,3.92,4.03,4.37,4.3,5.4623,4216,923.74,3.742,19.3049,0.911199963,0.761890022,148.8200073,1.470460102,0.858690023
04-10-24,5.01,4.88,4.73,4.68,4.45,4.2,3.93,3.84,3.81,3.88,3.98,4.33,4.26,5.4683,4169.4,919.49,3.731,19.2587,0.906160037,0.761599985,146.8399963,1.45978999,0.851809978
03-10-24,4.99,4.85,4.68,4.61,4.37,4.02,3.7,3.62,3.62,3.71,3.85,4.24,4.18,5.4847,4188,908.23,3.727,19.3662,0.9051,0.753799976,146.5820007,1.451990006,0.849910021
02-10-24,4.92,4.83,4.69,4.61,4.36,3.97,3.63,3.54,3.55,3.65,3.79,4.19,4.14,5.4302,4184.75,901.13,3.712,19.4162,0.903840029,0.75335,143.7359924,1.45348996,0.846340001
01-10-24,4.96,4.87,4.71,4.63,4.36,3.96,3.61,3.52,3.51,3.6,3.74,4.14,4.08,5.4518,4222.85,897.68,3.718,19.7027,0.897939951,0.747599997,143.7100067,1.445963945,0.845309973
30-09-24,4.93,4.87,4.73,4.65,4.38,3.98,3.66,3.58,3.58,3.67,3.81,4.19,4.14,5.6559,4179.99,917.38,3.749,19.7027,0.89526997,0.747199985,142.7830048,1.445339982,0.840499997
27-09-24,4.9,4.87,4.68,4.64,4.35,3.9,3.55,3.49,3.5,3.6,3.75,4.15,4.1,5.6559,4179.99,917.38,3.749,19.7027,0.894680068,0.745500041,145.076004,1.450789034,0.846239984
26-09-24,4.9,4.87,4.68,4.65,4.38,3.96,3.6,3.54,3.55,3.65,3.79,4.17,4.12,5.6559,4179.99,917.38,3.749,19.7027,0.898390009,0.750987995,144.6829987,1.46593196,0.850570023
25-09-24,4.79,4.78,4.69,4.64,4.36,3.89,3.53,3.49,3.52,3.65,3.79,4.18,4.14,5.6559,4179.99,917.38,3.749,19.7027,0.893559985,0.744750017,142.9629974,1.448142001,0.841509998
24-09-24,4.78,4.78,4.69,4.63,4.36,3.88,3.49,3.44,3.47,3.6,3.74,4.13,4.09,5.6559,4179.99,917.38,3.749,19.7027,0.899950039,0.749070003,143.6380005,1.463249978,0.84732002
23-09-24,4.85,4.84,4.72,4.65,4.4,3.91,3.57,3.47,3.51,3.62,3.75,4.12,4.09,5.6559,4179.99,917.38,3.749,19.7027,0.89599002,0.75109,144.0039978,1.468430079,0.850899994
20-09-24,4.87,4.88,4.75,4.7,4.43,3.92,3.55,3.46,3.48,3.59,3.73,4.1,4.07,5.6559,4179.99,917.38,3.749,19.7027,0.895899974,0.752910022,142.8580017,1.468520052,0.847779989
19-09-24,4.89,4.91,4.8,4.73,4.46,3.93,3.59,3.47,3.49,3.6,3.73,4.11,4.06,5.6559,4179.99,917.38,3.749,19.7027,0.89969995,0.757509985,142.7100067,1.47848105,0.847299993
18-09-24,4.91,4.91,4.84,4.76,4.5,3.95,3.61,3.49,3.47,3.58,3.7,4.08,4.03,5.6559,4179.99,917.38,3.749,19.7027,0.899030001,0.759450045,142.0149994,1.4787001,0.846329987
17-09-24,5.05,5.05,4.95,4.87,4.55,3.99,3.59,3.45,3.44,3.53,3.65,4.02,3.96,5.6559,4179.99,917.38,3.749,19.7027,0.898510004,0.756959999,140.7899933,1.481065043,0.844579995
16-09-24,5.11,5.1,4.96,4.88,4.55,3.96,3.56,3.42,3.41,3.51,3.63,4.01,3.94,5.6559,4179.99,917.38,3.749,19.7027,0.901839984,0.761151011,140.7899933,1.489470017,0.8477
13-09-24,5.15,5.17,4.97,4.92,4.6,4,3.57,3.42,3.43,3.53,3.66,4.05,3.98,5.6559,4179.99,917.38,3.749,19.7027,0.902700016,0.761479967,141.4989929,1.486569039,0.84987998
12-09-24,5.18,5.22,5.06,4.97,4.68,4.09,3.64,3.47,3.47,3.57,3.68,4.07,4,5.6559,4179.99,917.38,3.749,19.7027,0.908190029,0.766899968,142.5899963,1.497679016,0.852599978
11-09-24,5.21,5.19,5.1,4.99,4.72,4.12,3.62,3.45,3.45,3.54,3.65,4.03,3.96,5.6559,4179.99,917.38,3.749,19.7027,0.907360041,0.764509987,142.2339935,1.503013962,0.846620023
10-09-24,5.18,5.18,5.06,4.92,4.65,4.07,3.59,3.42,3.43,3.53,3.65,4.04,3.97,5.6559,4179.99,917.38,3.749,19.7027,0.906000022,0.765030045,143.177002,1.50197989,0.849449992
09-09-24,5.25,5.25,5.11,4.99,4.68,4.12,3.68,3.54,3.49,3.58,3.7,4.08,4,5.6559,4179.99,917.38,3.749,19.7027,0.901939955,0.761420042,142.4859924,1.499070074,0.84394002
06-09-24,5.28,5.28,5.13,5.02,4.69,4.1,3.66,3.54,3.5,3.6,3.72,4.1,4.03,5.6559,4179.99,917.38,3.749,19.7027,0.899999957,0.758869984,143.3930054,1.483569002,0.843810022
05-09-24,5.3,5.29,5.15,5.04,4.73,4.21,3.75,3.61,3.54,3.63,3.73,4.11,4.02,5.6559,4179.99,917.38,3.749,19.7027,0.902490049,0.760760034,143.3240051,1.488939946,0.84604001
04-09-24,5.33,5.28,5.18,5.05,4.74,4.23,3.76,3.63,3.56,3.65,3.77,4.14,4.06,5.6559,4179.99,917.38,3.749,19.7027,0.905070021,0.762540001,145.3529968,1.489424926,0.849929988
03-09-24,5.38,5.31,5.19,5.1,4.8,4.35,3.88,3.73,3.65,3.73,3.84,4.21,4.13,5.6559,4179.99,917.38,3.749,19.7027,0.903550011,0.760919993,146.7220001,1.47334002,0.851369977
30-08-24,5.41,5.32,5.21,5.12,4.89,4.38,3.91,3.79,3.71,3.8,3.91,4.28,4.2,5.6559,4179.99,917.38,3.749,19.7027,0.902490049,0.759519976,144.8899994,1.47149703,0.846939981
29-08-24,5.4,5.33,5.22,5.12,4.89,4.38,3.87,3.76,3.66,3.76,3.87,4.24,4.15,5.6355,4119.8,912.08,3.749,19.8338,0.898880007,0.757940016,144.4329987,1.474251976,0.841820002
28-08-24,5.47,5.33,5.21,5.12,4.87,4.36,3.83,3.72,3.63,3.74,3.84,4.22,4.13,5.5312,4098,907.32,3.737,19.6417,0.894619957,0.75428996,143.9750061,1.473209999,0.841719985
27-08-24,5.49,5.33,5.23,5.12,4.89,4.34,3.83,3.72,3.66,3.73,3.83,4.21,4.13,5.4966,4037.7,907.35,3.735,19.7131,0.895680056,0.758050015,144.5160065,1.476470024,0.847100019
26-08-24,5.49,5.34,5.24,5.13,4.91,4.38,3.91,3.74,3.66,3.72,3.82,4.19,4.11,5.4918,4027.5,911.01,3.743,19.3617,0.893820004,0.756849975,144,1.47323005,0.84732002
23-08-24,5.51,5.35,5.25,5.13,4.92,4.36,3.9,3.73,3.65,3.71,3.81,4.18,4.1,5.526,4027.9,919.94,3.745,19.0718,0.899509991,0.763490054,146.2019958,1.490712996,0.851700008
22-08-24,5.51,5.35,5.28,5.15,4.96,4.43,3.99,3.82,3.72,3.77,3.86,4.21,4.13,5.5521,4067.3,918.97,3.752,19.4791,0.896429982,0.763740019,145.1179962,1.481546999,0.851100028
21-08-24,5.45,5.33,5.26,5.13,4.92,4.36,3.92,3.74,3.64,3.69,3.79,4.15,4.06,5.4704,4034.34,922.58,3.748,19.3433,0.898639947,0.767139964,145.3470001,1.482079935,0.853559971
20-08-24,5.48,5.36,5.29,5.17,4.97,4.43,3.99,3.8,3.7,3.73,3.82,4.19,4.07,5.4544,4012,929.36,3.746,18.9959,0.901999987,0.769800037,146.6990051,1.484710037,0.862370014
19-08-24,5.51,5.39,5.31,5.19,5,4.48,4.06,3.86,3.75,3.78,3.86,4.23,4.11,5.4234,4031,933.84,3.738,18.6985,0.90703,0.772370014,147.9559937,1.498579998,0.867579997
16-08-24,5.53,5.4,5.33,5.21,5.02,4.49,4.06,3.87,3.77,3.81,3.89,4.26,4.15,5.4629,4031,931.39,3.733,18.6294,0.911350038,0.777640002,149.2220001,1.512289936,0.872489989
15-08-24,5.53,5.4,5.34,5.22,5.04,4.52,4.08,3.9,3.79,3.83,3.92,4.28,4.18,5.4648,4011,932.28,3.74,18.6474,0.908000006,0.779500004,147.253006,1.51514995,0.864805996
14-08-24,5.49,5.39,5.32,5.21,5,4.42,3.94,3.76,3.67,3.72,3.83,4.22,4.12,5.4499,4020,932.28,3.736,18.8303,0.909340016,0.777200005,146.970993,1.506342052,0.865050018
13-08-24,5.48,5.39,5.32,5.18,4.97,4.4,3.93,3.75,3.68,3.74,3.85,4.25,4.16,5.4872,4034.9,931.96,3.742,19.0017,0.914390059,0.783010026,146.9819946,1.51853,0.86473
12-08-24,5.53,5.4,5.33,5.2,5.02,4.47,4.01,3.82,3.75,3.8,3.9,4.3,4.19,5.4908,4051.1,932.62,3.742,19.0844,0.916270042,0.784289982,147.0420074,1.522119992,0.865040004
09-08-24,5.54,5.4,5.33,5.22,5.02,4.5,4.05,3.86,3.8,3.85,3.94,4.33,4.23,5.5112,4072.69,937.18,3.735,18.8289,0.916109938,0.78447004,147.6690063,1.516989988,0.866850019
08-08-24,5.55,5.42,5.34,5.21,5.01,4.48,4.04,3.86,3.83,3.89,3.99,4.38,4.28,5.6169,4060,943.96,3.724,18.9681,0.915070028,0.788620026,146.1239929,1.534690024,0.859269977
07-08-24,5.5,5.43,5.34,5.21,4.99,4.45,4,3.81,3.79,3.85,3.96,4.35,4.26,5.609,4139.8,947.18,3.736,19.2864,0.915229968,0.788349957,144.7319946,1.534919027,0.85255003
06-08-24,5.5,5.43,5.34,5.18,5,4.46,3.99,3.76,3.73,3.79,3.9,4.28,4.18,5.6525,4139.8,957.57,3.721,19.5257,0.913160069,0.78193995,145.7899933,1.53480192,0.854830027
05-08-24,5.52,5.43,5.35,5.14,4.91,4.34,3.89,3.71,3.62,3.66,3.78,4.16,4.06,5.7643,4158.9,951.11,3.721,19.3972,0.916520016,0.781990028,145.5839996,1.539119997,0.856100023
02-08-24,5.54,5.43,5.29,5.14,4.88,4.33,3.88,3.7,3.62,3.68,3.8,4.19,4.11,5.7363,4138.1,938.94,3.736,19.1624,0.926990019,0.785610031,149.201004,1.539670014,0.872900009
01-08-24,5.55,5.46,5.37,5.28,5.08,4.62,4.16,3.96,3.84,3.89,3.99,4.35,4.27,5.6678,4087,943.78,3.741,18.7721,0.923880028,0.778020023,149.7440033,1.527416903,0.878139973
31-07-24,5.49,5.51,5.41,5.32,5.14,4.73,4.29,4.1,3.97,4,4.09,4.44,4.35,5.6618,4066.43,956.58,3.727,18.632,0.924550039,0.778999951,152.6699982,1.528700929,0.88203001
30-07-24,5.5,5.5,5.4,5.35,5.16,4.78,4.35,4.16,4.03,4.06,4.15,4.5,4.4,5.6529,4082.09,956.63,3.727,18.7555,0.924260023,0.777580029,153.8329926,1.526389957,0.886099994
29-07-24,5.5,5.51,5.41,5.36,5.18,4.79,4.36,4.19,4.05,4.08,4.17,4.51,4.42,5.6476,4068.95,950.29,3.74,18.6204,0.921339985,0.7771,154.1390076,1.525553025,0.884299994
26-07-24,5.49,5.51,5.38,5.36,5.18,4.79,4.36,4.2,4.06,4.1,4.2,4.53,4.45,5.6462,4024.9,947.39,3.74,18.4427,0.921550008,0.7778,153.6970062,1.528350969,0.88063997
25-07-24,5.49,5.52,5.39,5.37,5.19,4.83,4.41,4.26,4.13,4.18,4.27,4.59,4.5,5.6399,4030.5,948.79,3.74,18.4524,0.922550017,0.775199982,153.8910065,1.520959085,0.885020018
24-07-24,5.5,5.5,5.4,5.37,5.19,4.82,4.37,4.24,4.12,4.2,4.28,4.62,4.54,5.6343,4040,946.69,3.775,18.3705,0.921600023,0.77509999,155.7680054,1.512380046,0.891520023
23-07-24,5.49,5.51,5.41,5.38,5.22,4.85,4.4,4.26,4.15,4.18,4.25,4.56,4.48,5.5804,4015,949.1,3.755,18.169,0.918290042,0.773249997,156.8910065,1.50600009,0.889500022
22-07-24,5.49,5.51,5.43,5.39,5.24,4.88,4.5,4.29,4.17,4.2,4.26,4.57,4.48,5.5595,3995.5,943.77,3.755,17.9408,0.9175,0.773210012,157.4219971,1.493360032,0.888010025
19-07-24,5.48,5.52,5.43,5.39,5.24,4.87,4.49,4.28,4.16,4.18,4.25,4.55,4.45,5.554,4037.9,940.15,3.752,18.0825,0.917299944,0.772099943,157.1499939,1.491312994,0.887300014
18-07-24,5.48,5.52,5.43,5.4,5.23,4.86,4.46,4.24,4.11,4.14,4.2,4.51,4.41,5.5423,4045,921.91,3.74,17.9788,0.914059965,0.768789976,155.6860046,1.485730064,0.882350028
17-07-24,5.47,5.5,5.43,5.4,5.23,4.85,4.42,4.19,4.07,4.09,4.16,4.46,4.37,5.4667,3995.7,910.79,3.722,17.7192,0.917220006,0.770552974,158.3500061,1.485443032,0.893220007
16-07-24,5.48,5.5,5.43,5.4,5.23,4.85,4.43,4.21,4.09,4.11,4.17,4.48,4.38,5.4271,3984.45,910.14,3.711,17.6439,0.917299944,0.771009993,158.1410065,1.478567959,0.895470023
15-07-24,5.48,5.51,5.43,5.4,5.23,4.85,4.44,4.23,4.13,4.16,4.23,4.56,4.46,5.456,3948.65,910.14,3.718,17.7649,0.918649958,0.771200028,158.3130035,1.476668983,0.896889985
12-07-24,5.47,5.52,5.43,5.41,5.23,4.87,4.45,4.22,4.1,4.13,4.18,4.5,4.39,5.4526,3922.95,908.92,3.723,17.6223,0.919729991,0.773769956,158.201004,1.477432047,0.896030009
11-07-24,5.48,5.53,5.44,5.41,5.25,4.91,4.5,4.26,4.13,4.15,4.2,4.51,4.41,5.4097,3981.5,918.86,3.756,17.7871,0.923080038,0.77804997,161.6069946,1.481087009,0.899200022
10-07-24,5.46,5.5,5.46,5.46,5.33,5.01,4.62,4.38,4.24,4.24,4.28,4.58,4.47,5.3964,3968,932.31,3.781,17.8078,0.924660002,0.782000015,161.3309937,1.483350081,0.897400022
09-07-24,5.45,5.51,5.46,5.46,5.34,5.02,4.62,4.37,4.24,4.25,4.3,4.59,4.49,5.4384,4014.44,939.17,3.783,17.9143,0.923279982,0.780299988,160.8569946,1.482974956,0.897809982
08-07-24,5.48,5.53,5.46,5.46,5.33,4.99,4.62,4.4,4.23,4.23,4.28,4.57,4.46,5.4717,4050,933.51,3.787,17.9894,0.923699963,0.780852952,160.6380005,1.48222999,0.895229995
05-07-24,5.48,5.53,5.46,5.46,5.34,4.98,4.6,4.39,4.22,4.23,4.28,4.57,4.47,5.4967,4083.02,936.55,3.79,18.0838,0.925010037,0.783960003,161.3580017,1.48696997,0.900250018
03-07-24,5.49,5.54,5.47,5.47,5.36,5.04,4.71,4.48,4.33,4.33,4.36,4.64,4.53,5.586,4104.5,946.99,3.8,18.1864,0.930369941,0.787999972,161.5039978,1.499632985,0.903689981
02-07-24,5.48,5.47,5.47,5.44,5.36,5.07,4.74,4.54,4.39,4.4,4.43,4.71,4.6,5.6674,4130,943.89,3.813,18.2697,0.931350002,0.79078003,161.5119934,1.502719945,0.903159976
01-07-24,5.48,5.48,5.47,5.45,5.37,5.1,4.77,4.58,4.44,4.45,4.48,4.76,4.64,5.589,4136.5,944.34,3.836,18.364,0.931509995,0.790599969,160.9069977,1.498350068,0.900200009
28-06-24,5.47,5.47,5.48,5.45,5.33,5.09,4.71,4.52,4.33,4.33,4.36,4.61,4.51,5.5586,4136.5,951.02,3.84,18.2862,0.933839984,0.79078003,160.6869965,1.503623905,0.898519993
27-06-24,5.48,5.46,5.49,5.45,5.35,5.1,4.7,4.49,4.29,4.27,4.29,4.53,4.43,5.5226,4167,947.78,3.83,18.4088,0.936320009,0.792280042,160.6210022,1.504940036,0.896700025
26-06-24,5.44,5.46,5.5,5.46,5.36,5.13,4.71,4.53,4.32,4.32,4.32,4.55,4.45,5.5094,4137,942.31,3.825,18.3648,0.933739988,0.788395005,159.6860046,1.504935987,0.895200014
25-06-24,5.43,5.46,5.49,5.44,5.37,5.1,4.65,4.45,4.25,4.23,4.23,4.46,4.36,5.42865,4101.5,941.72,3.812,18.1291,0.931729959,0.78842998,159.6860046,1.502719945,0.893190026
24-06-24,5.42,5.46,5.5,5.45,5.37,5.1,4.71,4.46,4.27,4.25,4.25,4.48,4.38,5.3997,4090,937.34,3.807,17.9705,0.935649951,0.791200019,159.8609924,1.50715898,0.89410001
21-06-24,5.42,5.46,5.49,5.45,5.36,5.1,4.7,4.45,4.26,4.25,4.25,4.49,4.39,5.4413,4149.99,927.92,3.799,18.1171,0.934019969,0.789860017,158.9309998,1.501344006,0.891489983
20-06-24,5.42,5.46,5.5,5.46,5.37,5.1,4.7,4.45,4.26,4.25,4.25,4.49,4.39,5.4251,4173,934.91,3.803,18.3706,0.930099981,0.786040012,157.9579926,1.498060012,0.884299994
18-06-24,5.4,5.46,5.5,5.45,5.37,5.09,4.69,4.43,4.24,4.22,4.22,4.47,4.36,5.4071,4149,938.68,3.809,18.4107,0.931039998,0.786410964,157.6999969,1.510100042,0.888300002
17-06-24,5.45,5.47,5.52,5.46,5.39,5.11,4.75,4.5,4.3,4.28,4.28,4.52,4.4,5.4127,4130,928.47,3.793,18.5447,0.934390034,0.788449988,157.5460052,1.512199972,0.890730023
14-06-24,5.47,5.47,5.51,5.45,5.36,5.07,4.67,4.41,4.22,4.2,4.2,4.46,4.34,5.3627,4130.5,919.49,3.78,18.4632,0.931199988,0.784000007,157.128006,1.507590062,0.893930018
13-06-24,5.47,5.47,5.51,5.45,5.36,5.07,4.68,4.42,4.24,4.23,4.24,4.5,4.4,5.3971,4148,914.86,3.772,18.4732,0.924799964,0.781480005,156.8000031,1.500848012,0.894259989
12-06-24,5.47,5.47,5.51,5.47,5.38,5.13,4.75,4.48,4.32,4.31,4.31,4.56,4.47,5.3888,4021.38,924.18,3.773,18.7597,0.931070069,0.784900022,157.1049957,1.513386037,0.897780001
11-06-24,5.46,5.47,5.52,5.46,5.39,5.17,4.81,4.57,4.41,4.4,4.39,4.62,4.53,5.35215,3994.77,923.24,3.77,18.4879,0.928999998,0.785770013,157.0399933,1.513100093,0.896579981
10-06-24,5.47,5.48,5.52,5.46,5.4,5.16,4.87,4.62,4.48,4.47,4.47,4.68,4.59,5.3663,3932.3,916.84,3.779,18.293,0.927739958,0.785580014,156.8329926,1.519130044,0.896099985
07-06-24,5.47,5.47,5.52,5.47,5.4,5.17,4.87,4.65,4.46,4.45,4.43,4.64,4.55,5.2799,3932.3,910.45,3.755,18.3628,0.917900074,0.781660014,155.6970062,1.49934002,0.889720023
06-06-24,5.48,5.47,5.51,5.45,5.36,5.08,4.72,4.49,4.29,4.28,4.28,4.51,4.43,5.2678,3934.99,906.25,3.755,17.8881,0.919579966,0.78157,155.9290009,1.501999925,0.892499983
05-06-24,5.48,5.48,5.51,5.46,5.37,5.08,4.72,4.5,4.31,4.29,4.29,4.52,4.44,5.2838,3938.38,905.37,3.748,17.5329,0.91896002,0.782899971,155.1239929,1.504618951,0.889949977
04-06-24,5.48,5.48,5.52,5.45,5.38,5.11,4.77,4.55,4.35,4.33,4.33,4.56,4.48,5.2684,3936.7,907.94,3.744,17.8828,0.916810003,0.780630016,156.076004,1.49475,0.895020008
03-06-24,5.49,5.49,5.52,5.46,5.39,5.14,4.82,4.62,4.42,4.41,4.41,4.63,4.55,5.237,3865.4,916.77,3.727,17.7141,0.921399996,0.784699947,157.1799927,1.502200041,0.901319981
31-05-24,5.48,5.48,5.46,5.46,5.42,5.18,4.89,4.69,4.52,4.52,4.51,4.73,4.65,5.2413,3865.4,917.98,3.723,16.9682,0.92289998,0.785519987,156.9530029,1.508227045,0.903310001
30-05-24,5.48,5.48,5.46,5.48,5.42,5.19,4.92,4.74,4.57,4.57,4.55,4.76,4.69,5.1969,3865.88,907.67,3.747,17.0012,0.925769954,0.787525997,157.6080017,1.51201299,0.912800014
29-05-24,5.5,5.48,5.46,5.47,5.43,5.22,4.96,4.79,4.63,4.63,4.61,4.82,4.74,5.1969,3877,898.13,3.757,16.9557,0.921499998,0.783800024,157.2619934,1.504211954,0.912289977
28-05-24,5.5,5.48,5.46,5.51,5.43,5.21,4.94,4.75,4.56,4.56,4.54,4.74,4.66,5.1535,3842.3,900.28,3.748,16.8049,0.920649962,0.782939941,156.8450012,1.502490088,0.913200021
24-05-24,5.56,5.53,5.46,5.51,5.44,5.21,4.93,4.71,4.53,4.49,4.46,4.65,4.57,5.1505,3875,908.95,3.741,16.6942,0.924839931,0.787769978,156.9730072,1.514809996,0.914330006
23-05-24,5.51,5.48,5.46,5.51,5.44,5.2,4.91,4.71,4.52,4.5,4.47,4.67,4.58,5.144,3868,904.67,3.735,16.733,0.923770048,0.786099971,156.7039948,1.510759963,0.915000021
22-05-24,5.49,5.48,5.45,5.5,5.43,5.16,4.86,4.64,4.47,4.44,4.43,4.63,4.55,5.1499,3826.5,886.79,3.735,16.674,0.921219986,0.786699994,156.2510071,1.499903,0.911159992
21-05-24,5.5,5.47,5.45,5.51,5.42,5.14,4.82,4.61,4.43,4.42,4.41,4.65,4.55,5.1034,3815,897.11,3.731,16.6366,0.920739998,0.786730023,156.3699951,1.498780007,0.91012001
20-05-24,5.5,5.47,5.45,5.51,5.43,5.15,4.82,4.62,4.46,4.44,4.44,4.68,4.58,5.1082,3832,897.11,3.733,16.5517,0.919500033,0.787000017,155.7539978,1.492380082,0.908699989
17-05-24,5.5,5.47,5.46,5.5,5.41,5.14,4.83,4.6,4.44,4.43,4.42,4.66,4.56,5.1154,3827,901.53,3.738,16.6044,0.920149978,0.789140973,155.3789978,1.496300012,0.905990005
16-05-24,5.51,5.47,5.45,5.53,5.41,5.13,4.78,4.58,4.4,4.39,4.38,4.62,4.52,5.1267,3829.5,909.06,3.731,16.6818,0.918290042,0.788020033,154.2819977,1.492300037,0.900529981
15-05-24,5.49,5.46,5.45,5.5,5.4,5.1,4.73,4.51,4.35,4.35,4.36,4.61,4.52,5.142,3824.9,916.87,3.717,16.6864,0.924679979,0.794579971,156.4980011,1.509199956,0.906700015
14-05-24,5.5,5.47,5.44,5.51,5.43,5.16,4.81,4.62,4.46,4.45,4.45,4.69,4.59,5.1353,3846.25,922.1,3.717,16.8436,0.926479955,0.796059997,156.2330017,1.512199972,0.907899976
13-05-24,5.5,5.47,5.45,5.51,5.43,5.16,4.85,4.66,4.5,4.49,4.48,4.72,4.63,5.1409,3890,922,3.724,16.8123,0.928470044,0.798539962,155.8179932,1.514919968,0.906449974
10-05-24,5.51,5.47,5.47,5.51,5.43,5.17,4.87,4.65,4.52,4.51,4.5,4.74,4.64,5.1461,3890,930.99,3.715,16.7845,0.927200064,0.798359997,155.3890076,1.510346102,0.905849993
09-05-24,5.51,5.48,5.46,5.5,5.41,5.12,4.8,4.6,4.47,4.46,4.45,4.7,4.6,5.1574,3900,936.76,3.69,16.7926,0.930499973,0.800429995,155.4190063,1.520496072,0.907989979
08-05-24,5.51,5.47,5.45,5.5,5.41,5.13,4.84,4.63,4.5,4.49,4.48,4.73,4.64,5.0884,3905,934.29,3.722,16.8963,0.930190019,0.799909983,154.7480011,1.517634941,0.908479989
07-05-24,5.51,5.48,5.45,5.51,5.41,5.13,4.82,4.6,4.48,4.47,4.47,4.7,4.61,5.0607,3888,930.17,3.721,16.9035,0.928720036,0.79619003,154.2369995,1.509680023,0.906700015
06-05-24,5.51,5.48,5.45,5.5,5.42,5.12,4.82,4.64,4.48,4.48,4.49,4.73,4.64,5.0724,3897,938.29,3.725,16.8813,0.929530042,0.797379977,153.5659943,1.513069935,0.905939996
03-05-24,5.51,5.48,5.45,5.5,5.41,5.12,4.81,4.63,4.48,4.49,4.5,4.75,4.66,5.0665,3913.1,954.36,3.72,16.9623,0.931699948,0.797409993,153.0449982,1.521745984,0.909770012
02-05-24,5.51,5.47,5.46,5.5,5.42,5.16,4.87,4.71,4.57,4.57,4.58,4.82,4.72,5.1181,3903.1,954.25,3.723,16.9942,0.93270003,0.797489971,155.7039948,1.530948077,0.916360021
01-05-24,5.47,5.5,5.46,5.51,5.43,5.21,4.96,4.79,4.64,4.64,4.63,4.85,4.74,5.1715,3924.48,943.62,3.765,17.1268,0.937510009,0.800629997,157.7220001,1.543685971,0.91948998
30-04-24,5.48,5.51,5.46,5.45,5.44,5.25,5.04,4.87,4.72,4.71,4.69,4.9,4.79,5.1715,3924.48,943.62,3.765,17.1268,0.933210012,0.79619003,156.3139954,1.523949046,0.910719991
29-04-24,5.48,5.51,5.45,5.45,5.43,5.2,4.97,4.8,4.65,4.64,4.63,4.86,4.75,5.1152,3866.4,947.68,3.73,17.0185,0.933980035,0.799330014,158.223999,1.528725027,0.913688004
26-04-24,5.48,5.51,5.46,5.45,5.4,5.21,4.96,4.84,4.68,4.68,4.67,4.89,4.78,5.1181,3901,948.61,3.741,17.1466,0.931999934,0.799419977,155.5970001,1.532990019,0.912519991
25-04-24,5.48,5.51,5.47,5.46,5.41,5.21,4.96,4.85,4.7,4.71,4.7,4.93,4.82,5.1676,3957.57,954.58,3.754,17.2136,0.934590014,0.802600052,155.2590027,1.5391721,0.914439976
24-04-24,5.49,5.5,5.46,5.44,5.4,5.17,4.89,4.78,4.64,4.66,4.65,4.88,4.78,5.1589,3939.99,950.77,3.731,17.07,0.934200023,0.802999947,154.7440033,1.541092925,0.91140002
23-04-24,5.49,5.5,5.45,5.44,5.39,5.14,4.86,4.76,4.63,4.62,4.61,4.84,4.73,5.1623,3910.1,953.75,3.706,16.9615,0.93860998,0.809700021,154.8130035,1.549699957,0.91188997
22-04-24,5.49,5.5,5.42,5.44,5.39,5.16,4.97,4.81,4.66,4.65,4.62,4.84,4.72,5.204,3915.85,956.32,3.695,17.1389,0.938240028,0.808030011,154.6399994,1.556180048,0.910983026
19-04-24,5.49,5.51,5.45,5.44,5.39,5.17,4.97,4.81,4.66,4.65,4.62,4.83,4.72,5.2266,3906,968.44,3.681,17.1166,0.939480053,0.804009944,154.6100006,1.556493049,0.912100017
18-04-24,5.49,5.52,5.46,5.44,5.39,5.18,4.98,4.83,4.68,4.67,4.64,4.85,4.74,5.2509,3943.8,974.97,3.728,17.0566,0.937259976,0.802969969,154.3419952,1.552840031,0.910399973
17-04-24,5.49,5.49,5.45,5.44,5.38,5.16,4.93,4.77,4.62,4.61,4.59,4.81,4.71,5.2466,3899.1,985.05,3.746,16.9774,0.941489987,0.804440018,154.697998,1.559380959,0.912559986
16-04-24,5.49,5.51,5.45,5.44,5.39,5.18,4.97,4.83,4.69,4.69,4.67,4.88,4.77,5.26315,3919,978.07,3.754,17.0465,0.941110055,0.803380004,154.2059937,1.552191956,0.911599994
15-04-24,5.49,5.51,5.45,5.44,5.38,5.16,4.93,4.78,4.65,4.65,4.63,4.85,4.74,5.1743,3911,964.59,3.738,16.7246,0.938999984,0.802450031,153.2830048,1.544209977,0.91377002
12-04-24,5.48,5.5,5.45,5.42,5.36,5.13,4.88,4.7,4.54,4.53,4.5,4.73,4.61,5.1361,3855.88,957.03,3.704,16.6545,0.93224002,0.796509967,153.1920013,1.528910034,0.909829974
11-04-24,5.48,5.51,5.45,5.44,5.38,5.17,4.93,4.77,4.61,4.6,4.56,4.77,4.65,5.0762,3828.79,953.51,3.69,16.436,0.930950002,0.797599995,152.9640045,1.536759,0.913039982
10-04-24,5.49,5.5,5.45,5.44,5.4,5.19,4.97,4.77,4.61,4.59,4.55,4.76,4.64,5.0651,3810.6,940.61,3.714,16.441,0.920869981,0.788789989,151.7769928,1.508636896,0.90298003
09-04-24,5.48,5.49,5.43,5.41,5.34,5.03,4.74,4.52,4.37,4.38,4.36,4.6,4.5,5.0077,3776.78,946.71,3.69,16.4069,0.92049994,0.789969955,151.8430023,1.514004975,0.905009985
08-04-24,5.48,5.49,5.43,5.41,5.35,5.07,4.78,4.6,4.43,4.43,4.42,4.65,4.55,5.0418,3768.36,948.92,3.688,16.3368,0.923320022,0.792060032,151.6900024,1.522020018,0.90316999
05-04-24,5.47,5.5,5.43,5.41,5.34,5.05,4.73,4.54,4.38,4.39,4.39,4.65,4.54,5.0517,3766,942.72,3.676,16.46,0.922759983,0.791127042,151.2920074,1.51798001,0.90151
04-04-24,5.47,5.49,5.41,5.4,5.32,5,4.65,4.46,4.3,4.31,4.31,4.57,4.47,5.0234,3768.65,962.83,3.685,16.6052,0.922649965,0.79040003,151.5809937,1.522302023,0.902890027
03-04-24,5.47,5.44,5.42,5.4,5.33,5.03,4.68,4.48,4.34,4.36,4.36,4.61,4.51,5.0721,3813,979.96,3.687,16.5425,0.928629974,0.795109954,151.5399933,1.535061012,0.907819986
02-04-24,5.49,5.45,5.42,5.4,5.34,5.05,4.7,4.51,4.35,4.37,4.36,4.61,4.51,5.04725,3828,982.59,3.704,16.561,0.931339972,0.797100013,151.5809937,1.541329931,0.905070007
01-04-24,5.49,5.47,5.44,5.41,5.36,5.06,4.72,4.51,4.34,4.33,4.33,4.58,4.47,5.0529,3865.3,981.71,3.725,16.6312,0.926549951,0.791310031,151.397995,1.530689952,0.90200001
28-03-24,5.49,5.48,5.46,5.42,5.38,5.03,4.59,4.4,4.21,4.2,4.2,4.45,4.34,4.9959,3862.62,982.38,3.717,16.5625,0.924779981,0.792599988,151.2870026,1.533272041,0.905499995
27-03-24,5.5,5.47,5.45,5.41,5.36,4.99,4.54,4.36,4.18,4.18,4.2,4.45,4.36,4.9853,3862.62,981.71,3.717,16.5625,0.923159985,0.791859953,151.5299988,1.529289942,0.903649986
26-03-24,5.5,5.47,5.46,5.41,5.36,5,4.56,4.38,4.22,4.23,4.24,4.49,4.4,4.9867,3847.3,977.76,3.717,16.6575,0.922660012,0.791270023,151.3730011,1.529310015,0.899469972
25-03-24,5.51,5.48,5.46,5.41,5.36,5,4.54,4.39,4.23,4.25,4.25,4.51,4.42,4.9866,3896.3,980.24,3.706,16.6815,0.92528001,0.793780047,151.3049927,1.534729895,0.897620022
22-03-24,5.51,5.47,5.46,5.4,5.34,4.98,4.59,4.36,4.2,4.22,4.22,4.47,4.39,4.9894,3896.3,971.54,3.703,16.7668,0.920610052,0.789770037,151.6329956,1.521100016,0.897679985
21-03-24,5.51,5.48,5.48,5.4,5.36,5.01,4.62,4.42,4.26,4.28,4.27,4.53,4.44,4.9804,3904.95,975.91,3.686,16.7373,0.91430993,0.781350002,150.7599945,1.515656949,0.885550022
20-03-24,5.5,5.47,5.47,5.41,5.36,5.01,4.59,4.41,4.25,4.28,4.27,4.53,4.45,5.0117,3895.95,962.06,3.692,16.6729,0.920530041,0.786200022,151.0350037,1.532238049,0.88854003
19-03-24,5.52,5.48,5.48,5.41,5.39,5.06,4.68,4.47,4.31,4.31,4.3,4.54,4.44,5.0349,3871.75,945.11,3.699,16.8183,0.919629969,0.785719966,149.1439972,1.524970075,0.887510002
18-03-24,5.52,5.48,5.48,5.41,5.39,5.06,4.73,4.52,4.36,4.35,4.34,4.57,4.46,5.0121,3897,941.42,3.703,16.7099,0.918900025,0.785459969,148.9550018,1.524860025,0.883589983
15-03-24,5.52,5.48,5.48,5.41,5.38,5.05,4.72,4.51,4.33,4.33,4.31,4.55,4.43,4.9934,3879.25,945.56,3.686,16.7099,0.918829972,0.78456997,148.2960052,1.519919045,0.884270012
14-03-24,5.52,5.48,5.48,5.42,5.38,5.04,4.68,4.46,4.29,4.3,4.29,4.54,4.44,4.9765,3890.9,948.88,3.685,16.6934,0.912799971,0.781120018,147.6210022,1.50884204,0.878380001
13-03-24,5.52,5.47,5.48,5.41,5.37,5.01,4.61,4.37,4.19,4.2,4.19,4.45,4.35,4.98,3902.99,965.18,3.672,16.6759,0.915099975,0.781499954,147.6190033,1.513478054,0.877390027
12-03-24,5.52,5.48,5.48,5.41,5.37,5,4.58,4.33,4.15,4.16,4.16,4.42,4.31,4.981,3925.25,966.29,3.68,16.7995,0.914799994,0.780042985,146.7319946,1.511600077,0.877250016
11-03-24,5.5,5.47,5.48,5.41,5.35,4.95,4.51,4.26,4.08,4.09,4.1,4.36,4.26,4.9774,3915.15,964.95,3.687,16.8003,0.913829947,0.777899969,146.7740021,1.509590097,0.877510011
08-03-24,5.51,5.48,5.46,5.4,5.34,4.92,4.48,4.25,4.06,4.08,4.09,4.36,4.26,4.9748,3904.5,983.8,3.686,16.8077,0.913229955,0.780299988,147.8679962,1.510277034,0.877099991
07-03-24,5.51,5.48,5.47,5.4,5.34,4.93,4.5,4.28,4.07,4.09,4.09,4.35,4.25,4.9361,3918.95,981.26,3.709,16.866,0.917469996,0.785209992,149.2689972,1.522928,0.882099986
06-03-24,5.5,5.47,5.47,5.4,5.35,4.95,4.55,4.32,4.12,4.12,4.11,4.36,4.24,4.9395,3920.6,976.36,3.733,16.8911,0.921149984,0.787100002,150.048996,1.537538947,0.883580029
05-03-24,5.5,5.47,5.47,5.4,5.35,4.94,4.54,4.32,4.13,4.15,4.13,4.39,4.27,4.9485,3945,971.92,3.745,16.9489,0.921219986,0.787899981,150.4660034,1.536659908,0.885200024
04-03-24,5.51,5.49,5.48,5.42,5.37,4.98,4.61,4.39,4.21,4.23,4.22,4.48,4.36,4.9472,3940.8,966.41,3.769,16.9619,0.922280013,0.789870058,150.1049957,1.531890105,0.883340001
01-03-24,5.54,5.49,5.42,5.41,5.27,4.94,4.54,4.32,4.17,4.2,4.19,4.46,4.33,4.9593,3947.25,969.91,3.767,17.0232,0.925500002,0.792050011,150.0950012,1.538840054,0.88440001
29-02-24,5.53,5.5,5.45,5.43,5.3,5.01,4.64,4.43,4.26,4.28,4.25,4.51,4.38,4.983,3927,980.19,3.779,17.0543,0.922609983,0.789700001,150.6560059,1.539716926,0.878709972
28-02-24,5.5,5.51,5.45,5.43,5.31,5,4.64,4.44,4.26,4.28,4.27,4.53,4.4,4.9554,3924.7,984.53,3.794,17.1116,0.922099962,0.788540039,150.4949951,1.528141042,0.878799975
27-02-24,5.5,5.52,5.45,5.47,5.33,5.03,4.7,4.5,4.32,4.34,4.31,4.57,4.44,4.9572,3933.5,986.85,3.787,17.0589,0.921579975,0.788360033,150.5659943,1.529145956,0.879899979
26-02-24,5.5,5.52,5.47,5.47,5.34,5.03,4.69,4.48,4.29,4.32,4.28,4.53,4.4,4.9816,3957.59,983.76,3.797,17.0894,0.924210025,0.789099996,150.4980011,1.523139954,0.881250024
23-02-24,5.49,5.51,5.46,5.46,5.32,5,4.67,4.45,4.28,4.28,4.26,4.51,4.37,4.9848,3964.23,972.77,3.795,17.1205,0.923729969,0.789660007,150.4830017,1.524598961,0.879949987
22-02-24,5.49,5.51,5.45,5.45,5.32,5.02,4.69,4.49,4.33,4.35,4.33,4.58,4.47,4.9416,3929,967.52,3.785,17.1106,0.924179987,0.791260021,150.3549957,1.52597207,0.87924999
21-02-24,5.5,5.5,5.44,5.45,5.32,4.98,4.64,4.43,4.3,4.33,4.32,4.59,4.49,4.93,3925.11,963.68,3.795,17.0483,0.924799964,0.791929999,149.9389954,1.525901982,0.881810009
20-02-24,5.49,5.49,5.44,5.45,5.32,4.97,4.59,4.38,4.25,4.28,4.27,4.56,4.44,4.9405,3927,966.23,3.782,17.0731,0.928040068,0.794429998,150.2700043,1.531209922,0.882746994
16-02-24,5.48,5.51,5.44,5.45,5.31,4.98,4.64,4.43,4.29,4.31,4.3,4.58,4.45,4.9758,3909.1,961.94,3.818,17.049,0.928170066,0.793699985,149.9459991,1.532449943,0.879800022
15-02-24,5.49,5.51,5.43,5.45,5.3,4.93,4.56,4.36,4.22,4.25,4.24,4.54,4.42,4.9707,3910,959.86,3.84,17.0454,0.931779946,0.795650003,150.5440063,1.538746057,0.885100007
14-02-24,5.48,5.51,5.43,5.45,5.31,4.94,4.56,4.38,4.25,4.27,4.27,4.57,4.45,4.972,3918,971.56,3.874,17.1029,0.933799962,0.79424,150.723999,1.549570994,0.887409985
13-02-24,5.48,5.52,5.45,5.46,5.32,4.99,4.64,4.44,4.31,4.33,4.31,4.59,4.46,4.9714,3924.25,972.22,3.883,17.2238,0.928309963,0.791919981,149.4049988,1.531651937,0.875800014
12-02-24,5.49,5.51,5.43,5.43,5.27,4.87,4.46,4.25,4.13,4.16,4.17,4.48,4.37,4.9714,3914.25,968.73,3.867,17.0967,0.926080037,0.791310031,149.1670074,1.532430066,0.874159992
09-02-24,5.49,5.51,5.44,5.43,5.26,4.86,4.48,4.25,4.14,4.17,4.17,4.48,4.37,4.9714,3922.63,957.86,3.862,17.0887,0.927880033,0.792360042,149.2590027,1.539029918,0.873449981
08-02-24,5.49,5.51,5.44,5.42,5.24,4.83,4.46,4.22,4.12,4.15,4.15,4.47,4.36,4.9801,3949,947.9,3.86,17.1646,0.928009987,0.791929999,148.0859985,1.533300067,0.87391001
07-02-24,5.47,5.49,5.43,5.4,5.23,4.83,4.41,4.16,4.06,4.09,4.09,4.41,4.31,4.9605,3960,949.81,3.841,17.0724,0.929609977,0.793239982,147.8179932,1.5314699,0.869499981
06-02-24,5.48,5.5,5.44,5.41,5.23,4.82,4.39,4.14,4.03,4.07,4.09,4.39,4.29,4.9684,3956,955.73,3.861,17.056,0.93093998,0.797800027,148.6399994,1.543140037,0.870700002
05-02-24,5.49,5.5,5.42,5.42,5.25,4.87,4.46,4.27,4.13,4.16,4.17,4.46,4.35,5.005,3957,943.84,3.861,17.1469,0.927640033,0.792270015,148.5010071,1.537260001,0.866980016
02-02-24,5.49,5.51,5.43,5.42,5.22,4.81,4.36,4.14,3.99,4.02,4.03,4.33,4.22,4.9468,3938.99,936.01,3.83,17.1469,0.919569986,0.784479944,146.451004,1.520936059,0.857620001
01-02-24,5.49,5.51,5.42,5.38,5.15,4.68,4.2,3.96,3.8,3.83,3.87,4.21,4.1,4.9347,3888.99,932.26,3.81,17.0915,0.925589968,0.788740001,146.9960022,1.524039998,0.862339973
31-01-24,5.53,5.46,5.42,5.4,5.18,4.73,4.27,4.05,3.91,3.95,3.99,4.34,4.22,4.9532,3911.6,932.66,3.808,17.1336,0.922219988,0.787679956,147.3690033,1.516345994,0.861859977
30-01-24,5.53,5.47,5.42,5.38,5.19,4.8,4.36,4.14,4,4.03,4.06,4.4,4.28,4.9635,3918.35,927.63,3.807,17.1485,0.922979997,0.786580049,147.4680023,1.511899897,0.861320019
29-01-24,5.53,5.46,5.42,5.37,5.19,4.76,4.29,4.1,3.97,4.02,4.08,4.42,4.31,4.9222,3931,916.16,3.809,17.2174,0.922209951,0.787549952,148.1399994,1.520080029,0.864139974
26-01-24,5.54,5.45,5.44,5.39,5.19,4.78,4.34,4.15,4.04,4.1,4.15,4.49,4.38,4.9122,3905,910.97,3.792,17.1443,0.921909952,0.786889945,147.7230072,1.518399989,0.866900027
25-01-24,5.54,5.48,5.44,5.39,5.19,4.76,4.28,4.12,4.01,4.07,4.14,4.49,4.38,4.9229,3943.06,908.51,3.763,17.2105,0.918969987,0.786239961,147.5910034,1.520519912,0.863020003
24-01-24,5.52,5.44,5.44,5.4,5.22,4.83,4.34,4.19,4.06,4.14,4.18,4.52,4.41,4.9189,3912,908.87,3.759,17.2128,0.92098999,0.787899981,148.2510071,1.518302976,0.869599998
23-01-24,5.53,5.46,5.45,5.38,5.21,4.81,4.31,4.16,4.06,4.11,4.14,4.48,4.38,4.9712,3961.45,905.63,3.767,17.3179,0.919099974,0.786970042,148.1419983,1.521931101,0.869120002
22-01-24,5.53,5.47,5.46,5.39,5.22,4.83,4.37,4.14,4.03,4.07,4.11,4.44,4.32,4.9487,3904.5,910.73,3.739,17.1839,0.918079995,0.787410012,148.1210022,1.516190048,0.868480027
19-01-24,5.54,5.47,5.45,5.39,5.21,4.84,4.39,4.18,4.08,4.12,4.15,4.47,4.36,4.922,3912.77,918.62,3.74,17.0967,0.91919001,0.786790014,148.128006,1.519099921,0.86808002
18-01-24,5.53,5.48,5.45,5.39,5.2,4.8,4.34,4.13,4.04,4.1,4.14,4.48,4.37,4.94,3912,926.77,3.745,17.1901,0.918630039,0.788839983,148.1179962,1.526252071,0.864322007
17-01-24,5.54,5.47,5.47,5.4,5.2,4.8,4.34,4.12,4.02,4.07,4.1,4.42,4.31,4.9343,3966.5,922.06,3.743,17.2304,0.919219925,0.791230019,147.2460022,1.517703997,0.861299992
16-01-24,5.54,5.47,5.45,5.37,5.18,4.7,4.22,4.02,3.95,4.01,4.07,4.43,4.3,4.9035,3943,912.02,3.72,17.1874,0.913600044,0.786400052,145.7940063,1.50366905,0.855979979
12-01-24,5.55,5.47,5.45,5.37,5.16,4.65,4.14,3.92,3.84,3.91,3.96,4.32,4.2,4.854,3909,911.37,3.695,16.8616,0.910610042,0.782610002,145.0460052,1.492871955,0.851010025
11-01-24,5.54,5.47,5.46,5.38,5.22,4.75,4.26,4.02,3.9,3.95,3.98,4.32,4.18,4.8791,3927.5,919.07,3.699,16.9228,0.911149982,0.784609964,145.7339935,1.491646991,0.850499988
10-01-24,5.53,5.46,5.46,5.39,5.23,4.82,4.37,4.1,3.99,4.01,4.04,4.35,4.2,4.8898,3934,914.71,3.697,16.9903,0.914710018,0.786599964,144.4279938,1.49595299,0.852370024
09-01-24,5.53,5.46,5.47,5.38,5.24,4.82,4.36,4.09,3.97,4,4.02,4.33,4.18,4.8934,3942,901.31,3.706,16.9576,0.913100033,0.784609964,144.2299957,1.488094994,0.847899973
08-01-24,5.54,5.48,5.49,5.39,5.24,4.82,4.36,4.11,3.97,3.99,4.01,4.33,4.17,4.8847,3873,893.07,3.696,16.81,0.913889979,0.786300024,144.7160034,1.488889999,0.850730002
05-01-24,5.54,5.48,5.47,5.41,5.24,4.84,4.4,4.17,4.02,4.04,4.05,4.37,4.21,4.8896,3873,884.45,3.716,16.8832,0.91345997,0.788389966,144.7649994,1.491070048,0.850000024
04-01-24,5.56,5.48,5.48,5.41,5.25,4.85,4.38,4.14,3.97,3.99,3.99,4.3,4.13,4.9185,3934.77,884.39,3.725,17.0348,0.915099975,0.788999948,142.9989929,1.484560005,0.84890002
03-01-24,5.54,5.54,5.48,5.41,5.25,4.81,4.33,4.07,3.9,3.92,3.91,4.21,4.05,4.9209,3922.5,880.92,3.733,17.0364,0.913930005,0.792200058,142.1549988,1.478044056,0.850120008
02-01-24,5.55,5.54,5.46,5.41,5.24,4.8,4.33,4.09,3.93,3.95,3.95,4.25,4.08,4.8913,3880,877.12,3.704,17.044,0.905900029,0.785619964,141.1260071,1.46832007,0.841889977
